-- MySQL dump 10.13  Distrib 5.7.28, for Win64 (x86_64)
--
-- Host: localhost    Database: orpaudevel
-- ------------------------------------------------------
-- Server version	5.7.28-log

/*!40101 SET @OLD_CHARACTER_SET_CLIENT=@@CHARACTER_SET_CLIENT */;
/*!40101 SET @OLD_CHARACTER_SET_RESULTS=@@CHARACTER_SET_RESULTS */;
/*!40101 SET @OLD_COLLATION_CONNECTION=@@COLLATION_CONNECTION */;
/*!40101 SET NAMES utf8 */;
/*!40103 SET @OLD_TIME_ZONE=@@TIME_ZONE */;
/*!40103 SET TIME_ZONE='+00:00' */;
/*!40014 SET @OLD_UNIQUE_CHECKS=@@UNIQUE_CHECKS, UNIQUE_CHECKS=0 */;
/*!40014 SET @OLD_FOREIGN_KEY_CHECKS=@@FOREIGN_KEY_CHECKS, FOREIGN_KEY_CHECKS=0 */;
/*!40101 SET @OLD_SQL_MODE=@@SQL_MODE, SQL_MODE='NO_AUTO_VALUE_ON_ZERO' */;
/*!40111 SET @OLD_SQL_NOTES=@@SQL_NOTES, SQL_NOTES=0 */;

--
-- Table structure for table `access_log`
--

DROP TABLE IF EXISTS `access_log`;
/*!40101 SET @saved_cs_client     = @@character_set_client */;
/*!40101 SET character_set_client = utf8 */;
CREATE TABLE `access_log` (
  `id_Log` bigint(20) NOT NULL AUTO_INCREMENT,
  `id_Log_type` int(11) NOT NULL,
  `IP` varchar(40) DEFAULT NULL,
  `INN` varchar(12) DEFAULT NULL,
  `OGRN` varchar(15) DEFAULT NULL,
  `SNILS` varchar(11) DEFAULT NULL,
  `Time` timestamp NOT NULL DEFAULT CURRENT_TIMESTAMP ON UPDATE CURRENT_TIMESTAMP,
  `Details` text,
  PRIMARY KEY (`id_Log`),
  KEY `byTime` (`Time`),
  KEY `byINN` (`INN`),
  KEY `bySNILS` (`SNILS`),
  KEY `by_log_type` (`id_Log_type`),
  CONSTRAINT `by_log_type` FOREIGN KEY (`id_Log_type`) REFERENCES `log_type` (`id_Log_type`)
) ENGINE=InnoDB DEFAULT CHARSET=utf8;
/*!40101 SET character_set_client = @saved_cs_client */;

--
-- Dumping data for table `access_log`
--

LOCK TABLES `access_log` WRITE;
/*!40000 ALTER TABLE `access_log` DISABLE KEYS */;
set autocommit=0;
/*!40000 ALTER TABLE `access_log` ENABLE KEYS */;
UNLOCK TABLES;
commit;

--
-- Table structure for table `confirmation`
--

DROP TABLE IF EXISTS `confirmation`;
/*!40101 SET @saved_cs_client     = @@character_set_client */;
/*!40101 SET character_set_client = utf8 */;
CREATE TABLE `confirmation` (
  `id_Confirmation` int(11) NOT NULL AUTO_INCREMENT,
  `id_Manager` int(11) NOT NULL,
  `id_Debtor` int(11) NOT NULL,
  `Number` varchar(20) NOT NULL,
  `TimeOfCreation` datetime NOT NULL,
  `Text` longblob NOT NULL,
  `Signature` longblob,
  `EfrsbMessageNumber` varchar(15) DEFAULT NULL,
  `JudicalActId` varchar(15) DEFAULT NULL,
  `CaseNumber` varchar(500) DEFAULT NULL,
  PRIMARY KEY (`id_Confirmation`),
  UNIQUE KEY `byNumber` (`Number`),
  KEY `Ref_Confirmation_Manager` (`id_Manager`),
  KEY `Ref_Confirmation_Debtor` (`id_Debtor`),
  CONSTRAINT `Ref_Confirmation_Debtor` FOREIGN KEY (`id_Debtor`) REFERENCES `debtor` (`id_Debtor`),
  CONSTRAINT `Ref_Confirmation_Manager` FOREIGN KEY (`id_Manager`) REFERENCES `manager` (`id_Manager`)
) ENGINE=InnoDB AUTO_INCREMENT=3 DEFAULT CHARSET=utf8;
/*!40101 SET character_set_client = @saved_cs_client */;

--
-- Dumping data for table `confirmation`
--

LOCK TABLES `confirmation` WRITE;
/*!40000 ALTER TABLE `confirmation` DISABLE KEYS */;
set autocommit=0;
INSERT INTO `confirmation` VALUES (1,1,2,'9999999999','2026-01-20 19:00:00',0xD0A1D0BFD180D0B0D0B2D0BAD0B020D0BE20D0BFD0BED0BBD0BDD0BED0BCD0BED187D0B8D18FD18520D090D180D0B1D0B8D182D180D0B0D0B6D0BDD0BED0B3D0BE20D183D0BFD180D0B0D0B2D0BBD18FD18ED189D0B5D0B3D0BE20E2849620313233340A0AD09FD0BED0B4D0B3D0BED182D0BED0B2D0BBD0B5D0BDD0B02032362E30312E3230313920D0B220D0BED182D0BDD0BED188D0B5D0BDD0B8D0B820D0BBD0B8D1863A0A2D202AD098D0B2D0B0D0BDD0BED0B220D098D0B2D0B0D0BD20D098D0B2D0B0D0BDD0BED0B2D0B8D1872A2028D0B4D0B0D0BBD0B5D0B5202D20D090D0A3292C20D0B4D0B5D0B9D181D182D0B2D183D18ED189D0B8D0B920D18120D0B0D182D180D0B8D0B1D183D182D0B0D0BCD0B83A0A202020202020D098D09DD09D203132333435363738392C0A202020202020D0BFD0BED187D182D0BED0B2D18BD0B920D183D0BB2E20D09AD0B8D180D0BED0B2D0B0203133310A202020202020D181D0B5D180D182D0B8D184D0B8D0BAD0B0D18220D0ADD09F20E284963334353833343538373633343538373620D0B2D18BD0B4D0B0D0BD20D0A3D0A620D098D0BDD184D0BED182D180D0B0D181D1820A2D202AD094D0BED0BBD0B3D0BED0B220D090D184D0B0D0BDD0B0D181D0B8D0B920D09FD0B5D182D180D0BED0B2D0B8D1872A2028D0B4D0B0D0BBD0B5D0B5202D20D094D0BED0BBD0B6D0BDD0B8D0BA2920D18120D0B0D182D180D0B8D0B1D183D182D0B0D0BCD0B83A0A202020202020D098D09DD09D2039373836373536343533343233310A202020202020D09ED093D0A0D09D2039373836373536343533343233310A0AD092D18BD188D0B5D0BED0B7D0BDD0B0D187D0B5D0BDD0BDD18BD0B920D090D0A320D0B4D0B5D0B9D181D182D0B2D183D0B5D18220D0B220D180D0B0D0BCD0BAD0B0D18520D097D09ED09120D0BAD0B0D0BA20D0B0D180D0B1D0B8D182D180D0B0D0B6D0BDD18BD0B920D183D0BFD180D0B0D0B2D0BBD18FD18ED189D0B8D0B920D0B220D0BFD180D0BED186D0B5D0B4D183D180D0B520D09DD0B0D0B1D0BBD18ED0B4D0B5D0BDD0B8D18F20D0BDD0B0D0B420D094D0BED0BBD0B6D0BDD0B8D0BAD0BED0BC2028D0B4D0B0D0BBD0B5D0B5202D20D09FD180D0BED186D0B5D0B4D183D180D0B0292E0AD09ED0B1D189D0B5D180D0BED181D181D0B8D0B9D181D0BAD0B8D0B920D0BFD180D0BED184D181D0BED18ED0B720D0B0D180D0B1D0B8D182D180D0B0D0B6D0BDD18BD18520D183D0BFD180D0B0D0B2D0BBD18FD18ED189D0B8D1852028D0B4D0B0D0BBD0B5D0B5202D20D09ED0A0D09FD090D0A32920D0BFD0BED0B4D182D0B2D0B5D180D0B6D0B4D0B0D0B5D18220D0BFD0BED0BBD0BDD0BED0BCD0BED187D0B8D18F20D090D0A320D0B220D09FD180D0BED186D0B5D0B4D183D180D0B520D0B220D181D0BED0BED182D0B2D0B5D182D181D182D0B2D0B8D0B820D18120D097D0B0D0BAD0BED0BDD0BED0B4D0B0D182D0B5D0BBD18CD181D182D0B2D0BED0BC20D0A0D0A420D0B820D0BFD0BF2E2031312C2031322C20313320D181D1822E203420D183D181D182D0B0D0B2D0B020D09ED0A0D09FD090D0A32E0A0AD09ED0A0D09FD090D0A320D0B2D18BD180D0B0D0B6D0B0D0B5D18220D0B3D0BED182D0BED0B2D0BDD0BED181D182D18C20D0B7D0B0D189D0B8D189D0B0D182D18C20D0B8D0BDD182D0B5D180D0B5D181D18B20D090D0A320D0B220D180D0B0D0BCD0BAD0B0D18520D09FD180D0BED186D0B5D0B4D183D180D18B2E0A0AD09ED0A0D09FD090D0A320D0BFD180D0B820D0BDD0B5D0BED0B1D185D0BED0B4D0B8D0BCD0BED181D182D0B820D0B3D0BED182D0BED0B220D181D0BED0BED0B1D189D0B8D182D18C20D0B8D0BBD0B820D0BFD0BED0B4D182D0B2D0B5D180D0B4D0B8D182D18C20D0BAD0BED0BDD182D0B0D0BAD182D0BDD18BD0B520D0B4D0B0D0BDD0BDD18BD0B520D090D0A32E0A0AD0A1D0BFD180D0B0D0B2D0BAD0B020D0BFD0BED0B4D0B3D0BED182D0BED0B2D0BBD0B5D0BDD0B020D0BDD0B020D0BED181D0BDD0BED0B2D0B0D0BDD0B8D0B820D181D0BBD0B5D0B4D183D18ED189D0B8D18520D0B4D0B0D0BDD0BDD18BD1853A0A312920D090D0A320D0BFD180D0B8D0BDD18FD18220D0B220D0A1D0A0D09E20E2809CD09BD0B8D185D0B8D0B520D090D0A3E2809D2031302F30392F323031352C20D181D0B2D0B5D0B4D0B5D0BDD0B8D0B920D0BE20D0B5D0B3D0BE20D0B8D181D0BAD0BBD18ED187D0B5D0BDD0B8D0B820D0B8D0BBD0B820D0B4D0B8D181D0BAD0B2D0B0D0BBD0B8D184D0B8D0BAD0B0D186D0B8D0B820D0BDD0B520D0BED0B1D0BDD0B0D180D183D0B6D0B5D0BDD0BE0A322920D09DD0B020D181D0B0D0B9D182D0B520D0B0D180D0B1D0B8D182D180D0B0D0B6D0BDD0BED0B3D0BE20D181D183D0B4D0B020D0BED0BFD183D0B1D0BBD0B8D0BAD0BED0B2D0B0D0BDD0BE20D0BED0BFD180D0B5D0B4D0B5D0BBD0B5D0BDD0B8D0B520D0BE20D0BDD0B0D0B7D0BDD0B0D187D0B5D0BDD0B8D0B820D090D0A320D0BED1822030312F30312F323031312C20D0BED0BFD180D0B5D0B4D0B5D0BBD0B5D0BDD0B8D0B920D0BE20D0B5D0B3D0BE20D0BED182D181D182D180D0B0D0BDD0B5D0BDD0B8D0B820D0B8D0BBD0B820D0B7D0B0D0B2D0B5D180D188D0B5D0BDD0B8D0B820D0BFD180D0BED186D0B5D0B4D183D180D0B520D0BDD0B520D0BED0B1D0BDD0B0D180D183D0B6D0B5D0BDD0BE0A332920D09DD0B020D181D0B0D0B9D182D0B520D0B5D0B4D0B8D0BDD0BED0B3D0BE20D184D0B5D0B4D0B5D180D0B0D0BBD18CD0BDD0BED0B3D0BE20D180D0B5D0B5D181D182D180D0B020D181D0B2D0B5D0B4D0B5D0BDD0B8D0B920D0BE20D0B1D0B0D0BDD0BAD180D0BED182D181D182D0B2D0B520D0BED0BFD183D0B1D0BBD0B8D0BAD0BED0B2D0B0D0BDD0BE20D181D0BED0BED0B1D189D0B5D0BDD0B8D0B520E28496333533343520D0B220D0BED182D0BDD0BED188D0B5D0BDD0B8D0B820D0B4D0BED0BBD0B6D0BDD0B8D0BAD0B020D0B7D0B020D0BFD0BED0B4D0BFD0B8D181D18CD18E20D090D0A32C20D181D0BED0BED0B1D189D0B5D0BDD0B8D0B920D0BED18220D0B4D180D183D0B3D0B8D18520D090D0A320D0BFD0BED181D0BBD0B520D18DD182D0BED0B920D0B4D0B0D182D18B20D0BDD0B520D0BED0B1D0BDD0B0D180D183D0B6D0B5D0BDD0BE,0xD0ADD09F20E284963334353833343538373633343538373620D0B2D18BD0B4D0B0D0BD20D0A3D0A620D098D0BDD184D0BED182D180D0B0D181D182,'35345','23764',NULL),(2,2,1,'2057239542','2026-03-20 20:00:00',0xD0A1D0BFD180D0B0D0B2D0BAD0B020D0BE20D0BFD0BED0BBD0BDD0BED0BCD0BED187D0B8D18FD18520D090D180D0B1D0B8D182D180D0B0D0B6D0BDD0BED0B3D0BE20D183D0BFD180D0B0D0B2D0BBD18FD18ED189D0B5D0B3D0BE20E2849620323035373233393534320A0AD09FD0BED0B4D0B3D0BED182D0BED0B2D0BBD0B5D0BDD0B02032362E30312E3230313920D0B220D0BED182D0BDD0BED188D0B5D0BDD0B8D0B820D0BBD0B8D1863A0A2D202AD0A1D0B5D0BCD191D0BDD0BED0B220D0A1D0B5D0BCD191D0BD20D0A1D0B5D0BCD191D0BDD0BED0B2D0B8D1872A2028D0B4D0B0D0BBD0B5D0B5202D20D090D0A3292C20D0B4D0B5D0B9D181D182D0B2D183D18ED189D0B8D0B920D18120D0B0D182D180D0B8D0B1D183D182D0B0D0BCD0B83A0A202020202020D098D09DD09D203938373635343332312C200A202020202020D0BFD0BED187D182D0BED0B2D18BD0B920D183D0BB2E20D092D0B0D0B4D0B8D0BCD0B02DD0A1D0B8D0B2D0BAD0BED0B2D0B0203137320A202020202020D181D0B5D180D182D0B8D184D0B8D0BAD0B0D18220D0ADD09F20E284963238393234373032333832373420D0B2D18BD0B4D0B0D0BD20D0A3D0A620D098D0BDD184D0BED182D180D0B0D181D1820A2D202AD093D0B0D0BBD18CD0BFD0B5D180D0BED0B220D092D0B0D181D0B8D0BBD0B8D0B920D092D0B0D181D0B8D0BBD18CD0B5D0B2D0B8D1872A2028D0B4D0B0D0BBD0B5D0B5202D20D094D0BED0BBD0B6D0BDD0B8D0BA2920D18120D0B0D182D180D0B8D0B1D183D182D0B0D0BCD0B83A0A202020202020D098D09DD09D2031333234333534363537363837390A202020202020D09ED093D0A0D09D2031333234333534363537363837390A0AD092D18BD188D0B5D0BED0B7D0BDD0B0D187D0B5D0BDD0BDD18BD0B920D090D0A320D0B4D0B5D0B9D181D182D0B2D183D0B5D18220D0B220D180D0B0D0BCD0BAD0B0D18520D097D09ED09120D0BAD0B0D0BA20D0B0D180D0B1D0B8D182D180D0B0D0B6D0BDD18BD0B920D183D0BFD180D0B0D0B2D0BBD18FD18ED189D0B8D0B920D0B220D0BFD180D0BED186D0B5D0B4D183D180D0B520D09DD0B0D0B1D0BBD18ED0B4D0B5D0BDD0B8D18F20D0BDD0B0D0B420D094D0BED0BBD0B6D0BDD0B8D0BAD0BED0BC2028D0B4D0B0D0BBD0B5D0B5202D20D09FD180D0BED186D0B5D0B4D183D180D0B0292E0AD09ED0B1D189D0B5D180D0BED181D181D0B8D0B9D181D0BAD0B8D0B920D0BFD180D0BED184D181D0BED18ED0B720D0B0D180D0B1D0B8D182D180D0B0D0B6D0BDD18BD18520D183D0BFD180D0B0D0B2D0BBD18FD18ED189D0B8D1852028D0B4D0B0D0BBD0B5D0B5202D20D09ED0A0D09FD090D0A32920D0BFD0BED0B4D182D0B2D0B5D180D0B6D0B4D0B0D0B5D18220D0BFD0BED0BBD0BDD0BED0BCD0BED187D0B8D18F20D090D0A320D0B220D09FD180D0BED186D0B5D0B4D183D180D0B520D0B220D181D0BED0BED182D0B2D0B5D182D181D182D0B2D0B8D0B820D18120D097D0B0D0BAD0BED0BDD0BED0B4D0B0D182D0B5D0BBD18CD181D182D0B2D0BED0BC20D0A0D0A420D0B820D0BFD0BF2E2031312C2031322C20313320D181D1822E203420D183D181D182D0B0D0B2D0B020D09ED0A0D09FD090D0A32E0A0AD09ED0A0D09FD090D0A320D0B2D18BD180D0B0D0B6D0B0D0B5D18220D0B3D0BED182D0BED0B2D0BDD0BED181D182D18C20D0B7D0B0D189D0B8D189D0B0D182D18C20D0B8D0BDD182D0B5D180D0B5D181D18B20D090D0A320D0B220D180D0B0D0BCD0BAD0B0D18520D09FD180D0BED186D0B5D0B4D183D180D18B2E0A0AD09ED0A0D09FD090D0A320D0BFD180D0B820D0BDD0B5D0BED0B1D185D0BED0B4D0B8D0BCD0BED181D182D0B820D0B3D0BED182D0BED0B220D181D0BED0BED0B1D189D0B8D182D18C20D0B8D0BBD0B820D0BFD0BED0B4D182D0B2D0B5D180D0B4D0B8D182D18C20D0BAD0BED0BDD182D0B0D0BAD182D0BDD18BD0B520D0B4D0B0D0BDD0BDD18BD0B520D090D0A32E0A0AD0A1D0BFD180D0B0D0B2D0BAD0B020D0BFD0BED0B4D0B3D0BED182D0BED0B2D0BBD0B5D0BDD0B020D0BDD0B020D0BED181D0BDD0BED0B2D0B0D0BDD0B8D0B820D181D0BBD0B5D0B4D183D18ED189D0B8D18520D0B4D0B0D0BDD0BDD18BD1853A0A312920D090D0A320D0BFD180D0B8D0BDD18FD18220D0B220D0A1D0A0D09E20E2809CD09BD0B8D185D0B8D0B520D090D0A3E2809D2031302F30392F323031352C20D181D0B2D0B5D0B4D0B5D0BDD0B8D0B920D0BE20D0B5D0B3D0BE20D0B8D181D0BAD0BBD18ED187D0B5D0BDD0B8D0B820D0B8D0BBD0B820D0B4D0B8D181D0BAD0B2D0B0D0BBD0B8D184D0B8D0BAD0B0D186D0B8D0B820D0BDD0B520D0BED0B1D0BDD0B0D180D183D0B6D0B5D0BDD0BE0A322920D09DD0B020D181D0B0D0B9D182D0B520D0B0D180D0B1D0B8D182D180D0B0D0B6D0BDD0BED0B3D0BE20D181D183D0B4D0B020D0BED0BFD183D0B1D0BBD0B8D0BAD0BED0B2D0B0D0BDD0BE20D0BED0BFD180D0B5D0B4D0B5D0BBD0B5D0BDD0B8D0B520D0BE20D0BDD0B0D0B7D0BDD0B0D187D0B5D0BDD0B8D0B820D090D0A320D0BED1822030312F30312F323031312C20D0BED0BFD180D0B5D0B4D0B5D0BBD0B5D0BDD0B8D0B920D0BE20D0B5D0B3D0BE20D0BED182D181D182D180D0B0D0BDD0B5D0BDD0B8D0B820D0B8D0BBD0B820D0B7D0B0D0B2D0B5D180D188D0B5D0BDD0B8D0B820D0BFD180D0BED186D0B5D0B4D183D180D0B520D0BDD0B520D0BED0B1D0BDD0B0D180D183D0B6D0B5D0BDD0BE0A332920D09DD0B020D181D0B0D0B9D182D0B520D0B5D0B4D0B8D0BDD0BED0B3D0BE20D184D0B5D0B4D0B5D180D0B0D0BBD18CD0BDD0BED0B3D0BE20D180D0B5D0B5D181D182D180D0B020D181D0B2D0B5D0B4D0B5D0BDD0B8D0B920D0BE20D0B1D0B0D0BDD0BAD180D0BED182D181D182D0B2D0B520D0BED0BFD183D0B1D0BBD0B8D0BAD0BED0B2D0B0D0BDD0BE20D181D0BED0BED0B1D189D0B5D0BDD0B8D0B520E28496323638323220D0B220D0BED182D0BDD0BED188D0B5D0BDD0B8D0B820D0B4D0BED0BBD0B6D0BDD0B8D0BAD0B020D0B7D0B020D0BFD0BED0B4D0BFD0B8D181D18CD18E20D090D0A32C20D181D0BED0BED0B1D189D0B5D0BDD0B8D0B920D0BED18220D0B4D180D183D0B3D0B8D18520D090D0A320D0BFD0BED181D0BBD0B520D18DD182D0BED0B920D0B4D0B0D182D18B20D0BDD0B520D0BED0B1D0BDD0B0D180D183D0B6D0B5D0BDD0BE,0xD0ADD09F20E284963238393234373032333832373420D0B2D18BD0B4D0B0D0BD20D0A3D0A620D098D0BDD184D0BED182D180D0B0D181D182,'26822','7293857',NULL);
/*!40000 ALTER TABLE `confirmation` ENABLE KEYS */;
UNLOCK TABLES;
commit;

--
-- Table structure for table `debtor`
--

DROP TABLE IF EXISTS `debtor`;
/*!40101 SET @saved_cs_client     = @@character_set_client */;
/*!40101 SET character_set_client = utf8 */;
CREATE TABLE `debtor` (
  `id_Debtor` int(11) NOT NULL AUTO_INCREMENT,
  `id_Manager` int(11) DEFAULT NULL,
  `id_Region` int(11) DEFAULT NULL,
  `BankruptId` bigint(20) DEFAULT NULL,
  `ArbitrManagerID` int(11) DEFAULT NULL,
  `Name` varchar(152) DEFAULT NULL,
  `INN` varchar(12) DEFAULT NULL,
  `OGRN` varchar(15) DEFAULT NULL,
  `SNILS` varchar(11) DEFAULT NULL,
  `Text` longblob,
  `Revision` bigint(20) DEFAULT NULL,
  `LegalAdress` varchar(400) DEFAULT NULL,
  `LegalCaseList` varchar(10000) DEFAULT NULL,
  PRIMARY KEY (`id_Debtor`),
  UNIQUE KEY `byBankruptId` (`BankruptId`),
  KEY `Ref_Debtor_Manager` (`id_Manager`),
  KEY `Ref5580` (`id_Region`),
  CONSTRAINT `Ref_Debtor_Manager` FOREIGN KEY (`id_Manager`) REFERENCES `manager` (`id_Manager`),
  CONSTRAINT `Refregion80` FOREIGN KEY (`id_Region`) REFERENCES `region` (`id_Region`)
) ENGINE=InnoDB AUTO_INCREMENT=4 DEFAULT CHARSET=utf8;
/*!40101 SET character_set_client = @saved_cs_client */;

--
-- Dumping data for table `debtor`
--

LOCK TABLES `debtor` WRITE;
/*!40000 ALTER TABLE `debtor` DISABLE KEYS */;
set autocommit=0;
INSERT INTO `debtor` VALUES (1,2,NULL,42,1234,'Гальперов Василий Васильевич','465422652901','311275365969330','76427634429',0x26020000789CBD90414AC3501086F73DC5F0D6254D222EECDA23B89312440A1644438D8B22429B6E04C1EA01148A17484283B169E215FEB991FF7B1A6F5017F3E0CDFC33F3FD73DA13B963889893593C36433158EB121B94C8D1E8233E0519B69A9AFE8FEC787C733E9DC4C9E4FACAA9DFF0A573AA6D47CD6850A114B4E2F295BE6067FF1FC87485A293E8CA4972CE6E387D8E56535D684A45D96DBA9D5EDA0D1749120F0703622D8853638B2C62139F0D5AF62EED02A2A611DAC8A2E8C32F4615B1C57AC9FEE0CF12E7310C3CFFC00BFDE0C8B070DFDFE3150A6BC9E51D92E0959372D4FAD425ED2D684548E41F122AF405CF7817AC59DFF1800D7D16FC7A36FEE93A810371D7E98DBE01577B1FBC,NULL,NULL,NULL),(2,1,NULL,32,NULL,'Долгов Афанасий Петрович','978675','978675','978675',0x24020000789CBD90C14AC3501045F7FD8AE1AD4B9AC485D8B59FE04E2488142C88861A1722429B6E04C1EACE8D82F80349683036E6F90B77FEC8FB9EC63FD0C504DEE4DE9933777F2072C512317B97E9C48CC5E0459758A346894E6FF12E28B0D1DC0CBF65BB93F3A3D934CDA667A75EFD8C4F9D53ED1C2DAB43835A60C5F71B7DC0877BBFA1D015AA5EA22B2F2939BBE3F439ACE6BAD09C8ABADF74313B711B8EB32C1D8F46C45A10A7C5064542133F6B587A976E0151F3043671287AF383D124B4B85B8A5FF8C3CCDF184741B815C461B463F8E37AF8872954EE24DFF74882274E2AD1EA5DDF7459F0142151B84DA83814DCE355F048ABCBC7A2E22370F54FD9441EC3673338F802CE631E32,NULL,NULL,NULL),(3,3,NULL,33,NULL,'Ковалёв Михаил Петрович','978675','978675','978675',0x29020000789CBD90C14AC3501045F7FD8AE1AD4B9AC485D8B59FE04E2488142C88861A1722429BBA1014ABB856107F20090DC6C6C45FB8F347DEF76CFA070A790FDEE4CECCB977BF2772C52362F62EE391198AC19BCEB144891C8DDEE1539061A5A9E9FFCA7647E74793719C8CCF4E9DFA15DF3AA5DA76D43C0D2A9482565CBDD2277CD9F707325DA0E824BA70929CB31B4E9FA2D554679A5251769B2E262776C37192C4C3C1805833E2D458218BD8C46B8996BD73BB80A8698436B2287ABBC6A822B6582FD906FE30711EC3C0F3B7BCD00F760C7F5CF7FF3085C25A7275872478E1A41CB53E74459B05AD0889FC6D4285BEE011EFBCF4C6E593D1C63DB585E0D9E3F74F01058EC505D43BF8011D4621F9,NULL,NULL,NULL);
/*!40000 ALTER TABLE `debtor` ENABLE KEYS */;
UNLOCK TABLES;
commit;

--
-- Table structure for table `debtor_manager`
--

DROP TABLE IF EXISTS `debtor_manager`;
/*!40101 SET @saved_cs_client     = @@character_set_client */;
/*!40101 SET character_set_client = utf8 */;
CREATE TABLE `debtor_manager` (
  `id_Debtor_Manager` int(11) NOT NULL,
  `BankruptId` bigint(20) DEFAULT NULL,
  `ArbitrManagerID` int(11) DEFAULT NULL,
  `DateTime_MessageFirst` datetime DEFAULT NULL,
  `DateTime_MessageLast` datetime DEFAULT NULL,
  `Revision` bigint(20) DEFAULT NULL,
  PRIMARY KEY (`id_Debtor_Manager`),
  KEY `Ref_Debtor_manager_Debtor` (`BankruptId`),
  KEY `Ref_Debtor_manager_Manager` (`ArbitrManagerID`)
) ENGINE=InnoDB DEFAULT CHARSET=utf8;
/*!40101 SET character_set_client = @saved_cs_client */;

--
-- Dumping data for table `debtor_manager`
--

LOCK TABLES `debtor_manager` WRITE;
/*!40000 ALTER TABLE `debtor_manager` DISABLE KEYS */;
set autocommit=0;
/*!40000 ALTER TABLE `debtor_manager` ENABLE KEYS */;
UNLOCK TABLES;
commit;

--
-- Table structure for table `email_attachment`
--

DROP TABLE IF EXISTS `email_attachment`;
/*!40101 SET @saved_cs_client     = @@character_set_client */;
/*!40101 SET character_set_client = utf8 */;
CREATE TABLE `email_attachment` (
  `id_Email_Attachment` int(11) NOT NULL AUTO_INCREMENT,
  `id_Email_Message` int(11) NOT NULL,
  `FileName` varchar(50) DEFAULT NULL,
  `Content` longblob,
  PRIMARY KEY (`id_Email_Attachment`),
  KEY `Email_Message_to_Attachment` (`id_Email_Message`),
  CONSTRAINT `Email_Message_to_Attachment` FOREIGN KEY (`id_Email_Message`) REFERENCES `email_message` (`id_Email_Message`)
) ENGINE=InnoDB DEFAULT CHARSET=utf8;
/*!40101 SET character_set_client = @saved_cs_client */;

--
-- Dumping data for table `email_attachment`
--

LOCK TABLES `email_attachment` WRITE;
/*!40000 ALTER TABLE `email_attachment` DISABLE KEYS */;
set autocommit=0;
/*!40000 ALTER TABLE `email_attachment` ENABLE KEYS */;
UNLOCK TABLES;
commit;

--
-- Table structure for table `email_error`
--

DROP TABLE IF EXISTS `email_error`;
/*!40101 SET @saved_cs_client     = @@character_set_client */;
/*!40101 SET character_set_client = utf8 */;
CREATE TABLE `email_error` (
  `id_Email_Error` int(11) NOT NULL AUTO_INCREMENT,
  `id_Email_Message` int(11) NOT NULL,
  `id_Email_Sender` int(11) NOT NULL,
  `TimeError` datetime NOT NULL,
  `Description` text NOT NULL,
  PRIMARY KEY (`id_Email_Error`),
  KEY `Email_Message_Error` (`id_Email_Message`),
  KEY `Email_Sender_Error` (`id_Email_Sender`),
  CONSTRAINT `Email_Message_Error` FOREIGN KEY (`id_Email_Message`) REFERENCES `email_message` (`id_Email_Message`),
  CONSTRAINT `Email_Sender_Error` FOREIGN KEY (`id_Email_Sender`) REFERENCES `email_sender` (`id_Email_Sender`)
) ENGINE=InnoDB DEFAULT CHARSET=utf8;
/*!40101 SET character_set_client = @saved_cs_client */;

--
-- Dumping data for table `email_error`
--

LOCK TABLES `email_error` WRITE;
/*!40000 ALTER TABLE `email_error` DISABLE KEYS */;
set autocommit=0;
/*!40000 ALTER TABLE `email_error` ENABLE KEYS */;
UNLOCK TABLES;
commit;

--
-- Table structure for table `email_message`
--

DROP TABLE IF EXISTS `email_message`;
/*!40101 SET @saved_cs_client     = @@character_set_client */;
/*!40101 SET character_set_client = utf8 */;
CREATE TABLE `email_message` (
  `id_Email_Message` int(11) NOT NULL AUTO_INCREMENT,
  `RecipientEmail` varchar(100) NOT NULL,
  `RecipientId` int(11) NOT NULL,
  `RecipientType` char(1) NOT NULL,
  `EmailType` char(1) NOT NULL,
  `TimeDispatch` datetime NOT NULL,
  `Details` longblob,
  PRIMARY KEY (`id_Email_Message`)
) ENGINE=InnoDB DEFAULT CHARSET=utf8;
/*!40101 SET character_set_client = @saved_cs_client */;

--
-- Dumping data for table `email_message`
--

LOCK TABLES `email_message` WRITE;
/*!40000 ALTER TABLE `email_message` DISABLE KEYS */;
set autocommit=0;
/*!40000 ALTER TABLE `email_message` ENABLE KEYS */;
UNLOCK TABLES;
commit;

--
-- Table structure for table `email_sender`
--

DROP TABLE IF EXISTS `email_sender`;
/*!40101 SET @saved_cs_client     = @@character_set_client */;
/*!40101 SET character_set_client = utf8 */;
CREATE TABLE `email_sender` (
  `id_Email_Sender` int(11) NOT NULL AUTO_INCREMENT,
  `SenderServer` varchar(50) DEFAULT NULL,
  `SenderUser` varchar(50) DEFAULT NULL,
  PRIMARY KEY (`id_Email_Sender`),
  UNIQUE KEY `byServerUser` (`SenderServer`,`SenderUser`)
) ENGINE=InnoDB DEFAULT CHARSET=utf8;
/*!40101 SET character_set_client = @saved_cs_client */;

--
-- Dumping data for table `email_sender`
--

LOCK TABLES `email_sender` WRITE;
/*!40000 ALTER TABLE `email_sender` DISABLE KEYS */;
set autocommit=0;
/*!40000 ALTER TABLE `email_sender` ENABLE KEYS */;
UNLOCK TABLES;
commit;

--
-- Table structure for table `email_sent`
--

DROP TABLE IF EXISTS `email_sent`;
/*!40101 SET @saved_cs_client     = @@character_set_client */;
/*!40101 SET character_set_client = utf8 */;
CREATE TABLE `email_sent` (
  `id_Email_sent` int(11) NOT NULL AUTO_INCREMENT,
  `id_Email_Message` int(11) NOT NULL,
  `id_Email_Sender` int(11) NOT NULL,
  `TimeSent` datetime NOT NULL,
  `Message` longblob,
  PRIMARY KEY (`id_Email_sent`),
  KEY `Email_Message_Sent` (`id_Email_Message`),
  KEY `Email_Sender_Sent` (`id_Email_Sender`),
  CONSTRAINT `Email_Message_Sent` FOREIGN KEY (`id_Email_Message`) REFERENCES `email_message` (`id_Email_Message`),
  CONSTRAINT `Email_Sender_Sent` FOREIGN KEY (`id_Email_Sender`) REFERENCES `email_sender` (`id_Email_Sender`)
) ENGINE=InnoDB DEFAULT CHARSET=utf8;
/*!40101 SET character_set_client = @saved_cs_client */;

--
-- Dumping data for table `email_sent`
--

LOCK TABLES `email_sent` WRITE;
/*!40000 ALTER TABLE `email_sent` DISABLE KEYS */;
set autocommit=0;
/*!40000 ALTER TABLE `email_sent` ENABLE KEYS */;
UNLOCK TABLES;
commit;

--
-- Table structure for table `email_tosend`
--

DROP TABLE IF EXISTS `email_tosend`;
/*!40101 SET @saved_cs_client     = @@character_set_client */;
/*!40101 SET character_set_client = utf8 */;
CREATE TABLE `email_tosend` (
  `TimeDispatch` datetime NOT NULL,
  `id_Email_Message` int(11) NOT NULL,
  KEY `byTimeDispatch` (`TimeDispatch`,`id_Email_Message`),
  KEY `Email_Message_ToSend` (`id_Email_Message`),
  CONSTRAINT `Email_Message_ToSend` FOREIGN KEY (`id_Email_Message`) REFERENCES `email_message` (`id_Email_Message`)
) ENGINE=InnoDB DEFAULT CHARSET=utf8;
/*!40101 SET character_set_client = @saved_cs_client */;

--
-- Dumping data for table `email_tosend`
--

LOCK TABLES `email_tosend` WRITE;
/*!40000 ALTER TABLE `email_tosend` DISABLE KEYS */;
set autocommit=0;
/*!40000 ALTER TABLE `email_tosend` ENABLE KEYS */;
UNLOCK TABLES;
commit;

--
-- Table structure for table `log_type`
--

DROP TABLE IF EXISTS `log_type`;
/*!40101 SET @saved_cs_client     = @@character_set_client */;
/*!40101 SET character_set_client = utf8 */;
CREATE TABLE `log_type` (
  `id_Log_type` int(11) NOT NULL AUTO_INCREMENT,
  `Name` varchar(100) NOT NULL,
  PRIMARY KEY (`id_Log_type`)
) ENGINE=InnoDB DEFAULT CHARSET=utf8;
/*!40101 SET character_set_client = @saved_cs_client */;

--
-- Dumping data for table `log_type`
--

LOCK TABLES `log_type` WRITE;
/*!40000 ALTER TABLE `log_type` DISABLE KEYS */;
set autocommit=0;
/*!40000 ALTER TABLE `log_type` ENABLE KEYS */;
UNLOCK TABLES;
commit;

--
-- Table structure for table `manager`
--

DROP TABLE IF EXISTS `manager`;
/*!40101 SET @saved_cs_client     = @@character_set_client */;
/*!40101 SET character_set_client = utf8 */;
CREATE TABLE `manager` (
  `id_Manager` int(11) NOT NULL AUTO_INCREMENT,
  `id_SRO` int(11) NOT NULL,
  `id_Region` int(11) DEFAULT NULL,
  `firstName` varchar(50) NOT NULL,
  `lastName` varchar(50) NOT NULL,
  `middleName` varchar(50) NOT NULL,
  `efrsbNumber` varchar(50) DEFAULT NULL,
  `INN` varchar(12) DEFAULT NULL,
  `PostAdress` varchar(80) DEFAULT NULL,
  `Phone` varchar(12) DEFAULT NULL,
  `EMail` varchar(100) DEFAULT NULL,
  `Password` varchar(100) DEFAULT NULL,
  `ArbitrManagerID` int(11) NOT NULL,
  `Revision` int(11) DEFAULT NULL,
  `SRORegDate` datetime DEFAULT NULL,
  `SRORegNum` varchar(40) DEFAULT NULL,
  PRIMARY KEY (`id_Manager`),
  UNIQUE KEY `byArbitrManagerID` (`ArbitrManagerID`),
  KEY `Rem_Manager_SRO` (`id_SRO`),
  KEY `Ref5581` (`id_Region`),
  CONSTRAINT `Refregion81` FOREIGN KEY (`id_Region`) REFERENCES `region` (`id_Region`),
  CONSTRAINT `Rem_Manager_SRO` FOREIGN KEY (`id_SRO`) REFERENCES `sro` (`id_SRO`)
) ENGINE=InnoDB AUTO_INCREMENT=4 DEFAULT CHARSET=utf8;
/*!40101 SET character_set_client = @saved_cs_client */;

--
-- Dumping data for table `manager`
--

LOCK TABLES `manager` WRITE;
/*!40000 ALTER TABLE `manager` DISABLE KEYS */;
set autocommit=0;
INSERT INTO `manager` VALUES (1,1,NULL,'Иван','Иванов','Иванович','123456789','123456789','ул. Вадима-Сивкова 172','89889889988','IvanovII@someMail.com','Password',1234,NULL,NULL,NULL),(2,2,NULL,'Семён','Семёнов','Семёнович','987654321','987654321','ул. Кирова 131','89876543231','Sem1972@someMail.com','Password',4321,NULL,NULL,NULL),(3,1,NULL,'Григорий','Афанасьев','Григорьевич','987654321','111111111','ул. Кирова 131','89876543231','Sem1972@someMail.com','Password',4322,NULL,NULL,NULL);
/*!40000 ALTER TABLE `manager` ENABLE KEYS */;
UNLOCK TABLES;
commit;

--
-- Table structure for table `mock_efrsb_debtor`
--

DROP TABLE IF EXISTS `mock_efrsb_debtor`;
/*!40101 SET @saved_cs_client     = @@character_set_client */;
/*!40101 SET character_set_client = utf8 */;
CREATE TABLE `mock_efrsb_debtor` (
  `id_Debtor` int(11) NOT NULL AUTO_INCREMENT,
  `ArbitrManagerID` int(11) DEFAULT NULL,
  `BankruptId` bigint(20) NOT NULL,
  `Name` varchar(152) DEFAULT NULL,
  `INN` varchar(12) DEFAULT NULL,
  `OGRN` varchar(15) DEFAULT NULL,
  `SNILS` varchar(11) DEFAULT NULL,
  `Body` longblob NOT NULL,
  `LastMessageDate` datetime DEFAULT NULL,
  PRIMARY KEY (`id_Debtor`),
  UNIQUE KEY `byBankruptId_1` (`BankruptId`),
  KEY `byArbitrManagerID` (`ArbitrManagerID`)
) ENGINE=InnoDB DEFAULT CHARSET=utf8;
/*!40101 SET character_set_client = @saved_cs_client */;

--
-- Dumping data for table `mock_efrsb_debtor`
--

LOCK TABLES `mock_efrsb_debtor` WRITE;
/*!40000 ALTER TABLE `mock_efrsb_debtor` DISABLE KEYS */;
set autocommit=0;
/*!40000 ALTER TABLE `mock_efrsb_debtor` ENABLE KEYS */;
UNLOCK TABLES;
commit;

--
-- Table structure for table `mock_efrsb_debtor_manager`
--

DROP TABLE IF EXISTS `mock_efrsb_debtor_manager`;
/*!40101 SET @saved_cs_client     = @@character_set_client */;
/*!40101 SET character_set_client = utf8 */;
CREATE TABLE `mock_efrsb_debtor_manager` (
  `id_Debtor_Manager` int(11) NOT NULL AUTO_INCREMENT,
  `ArbitrManagerID` int(11) NOT NULL,
  `BankruptId` bigint(20) NOT NULL,
  PRIMARY KEY (`id_Debtor_Manager`),
  KEY `debtor_manager_byArbitrManagerID` (`ArbitrManagerID`),
  KEY `byBankruptId` (`BankruptId`)
) ENGINE=InnoDB DEFAULT CHARSET=utf8;
/*!40101 SET character_set_client = @saved_cs_client */;

--
-- Dumping data for table `mock_efrsb_debtor_manager`
--

LOCK TABLES `mock_efrsb_debtor_manager` WRITE;
/*!40000 ALTER TABLE `mock_efrsb_debtor_manager` DISABLE KEYS */;
set autocommit=0;
/*!40000 ALTER TABLE `mock_efrsb_debtor_manager` ENABLE KEYS */;
UNLOCK TABLES;
commit;

--
-- Table structure for table `mock_efrsb_event`
--

DROP TABLE IF EXISTS `mock_efrsb_event`;
/*!40101 SET @saved_cs_client     = @@character_set_client */;
/*!40101 SET character_set_client = utf8 */;
CREATE TABLE `mock_efrsb_event` (
  `id_Event` int(11) NOT NULL AUTO_INCREMENT,
  `ArbitrManagerID` int(11) NOT NULL,
  `BankruptId` bigint(20) NOT NULL,
  `efrsb_id` int(11) NOT NULL,
  `EventTime` datetime NOT NULL,
  `MessageInfo_MessageType` char(1) NOT NULL,
  `Revision` bigint(20) NOT NULL,
  PRIMARY KEY (`id_Event`),
  KEY `byEventTime` (`EventTime`),
  KEY `Ref6089` (`ArbitrManagerID`),
  KEY `refEfrsb_event_Debtor` (`BankruptId`),
  KEY `refByEfrsb_id` (`efrsb_id`)
) ENGINE=InnoDB DEFAULT CHARSET=utf8;
/*!40101 SET character_set_client = @saved_cs_client */;

--
-- Dumping data for table `mock_efrsb_event`
--

LOCK TABLES `mock_efrsb_event` WRITE;
/*!40000 ALTER TABLE `mock_efrsb_event` DISABLE KEYS */;
set autocommit=0;
/*!40000 ALTER TABLE `mock_efrsb_event` ENABLE KEYS */;
UNLOCK TABLES;
commit;

--
-- Table structure for table `mock_efrsb_manager`
--

DROP TABLE IF EXISTS `mock_efrsb_manager`;
/*!40101 SET @saved_cs_client     = @@character_set_client */;
/*!40101 SET character_set_client = utf8 */;
CREATE TABLE `mock_efrsb_manager` (
  `id_Manager` int(11) NOT NULL AUTO_INCREMENT,
  `ArbitrManagerID` int(11) NOT NULL,
  `SRORegNum` varchar(30) NOT NULL,
  `FirstName` varchar(50) NOT NULL,
  `LastName` varchar(50) NOT NULL,
  `MiddleName` varchar(50) DEFAULT NULL,
  `INN` varchar(12) NOT NULL,
  `OGRNIP` varchar(12) DEFAULT NULL,
  `RegNum` varchar(30) DEFAULT NULL,
  `Body` longblob NOT NULL,
  `DateDelete` datetime DEFAULT NULL,
  PRIMARY KEY (`id_Manager`),
  UNIQUE KEY `byArbitrManagerID_1` (`ArbitrManagerID`),
  KEY `refManager_SRO` (`SRORegNum`)
) ENGINE=InnoDB DEFAULT CHARSET=utf8;
/*!40101 SET character_set_client = @saved_cs_client */;

--
-- Dumping data for table `mock_efrsb_manager`
--

LOCK TABLES `mock_efrsb_manager` WRITE;
/*!40000 ALTER TABLE `mock_efrsb_manager` DISABLE KEYS */;
set autocommit=0;
/*!40000 ALTER TABLE `mock_efrsb_manager` ENABLE KEYS */;
UNLOCK TABLES;
commit;

--
-- Table structure for table `mock_efrsb_message`
--

DROP TABLE IF EXISTS `mock_efrsb_message`;
/*!40101 SET @saved_cs_client     = @@character_set_client */;
/*!40101 SET character_set_client = utf8 */;
CREATE TABLE `mock_efrsb_message` (
  `id_Message` int(11) NOT NULL AUTO_INCREMENT,
  `efrsb_id` int(11) NOT NULL,
  `ArbitrManagerID` int(11) DEFAULT NULL,
  `BankruptId` bigint(20) DEFAULT NULL,
  `INN` varchar(12) DEFAULT NULL,
  `SNILS` varchar(20) DEFAULT NULL,
  `OGRN` varchar(20) DEFAULT NULL,
  `PublishDate` datetime NOT NULL,
  `Body` longblob NOT NULL,
  `MessageInfo_MessageType` char(1) DEFAULT NULL,
  `Number` varchar(30) DEFAULT NULL,
  `MessageGUID` varchar(32) DEFAULT NULL,
  `Revision` bigint(20) NOT NULL,
  PRIMARY KEY (`id_Message`),
  UNIQUE KEY `by_efrsb_id` (`efrsb_id`),
  KEY `refByArbitrManagerID` (`ArbitrManagerID`),
  KEY `refByBankruptId` (`BankruptId`)
) ENGINE=InnoDB DEFAULT CHARSET=utf8;
/*!40101 SET character_set_client = @saved_cs_client */;

--
-- Dumping data for table `mock_efrsb_message`
--

LOCK TABLES `mock_efrsb_message` WRITE;
/*!40000 ALTER TABLE `mock_efrsb_message` DISABLE KEYS */;
set autocommit=0;
/*!40000 ALTER TABLE `mock_efrsb_message` ENABLE KEYS */;
UNLOCK TABLES;
commit;

--
-- Table structure for table `mock_efrsb_sro`
--

DROP TABLE IF EXISTS `mock_efrsb_sro`;
/*!40101 SET @saved_cs_client     = @@character_set_client */;
/*!40101 SET character_set_client = utf8 */;
CREATE TABLE `mock_efrsb_sro` (
  `id_SRO` int(11) NOT NULL,
  `OGRN` varchar(15) DEFAULT NULL,
  `RegNum` varchar(30) NOT NULL,
  `Body` longblob NOT NULL,
  `INN` varchar(10) NOT NULL,
  `DateLastModif` datetime NOT NULL,
  `Name` varchar(250) DEFAULT NULL,
  `ShortTitle` varchar(250) DEFAULT NULL,
  `Title` varchar(250) DEFAULT NULL,
  `UrAddress` varchar(250) DEFAULT NULL,
  `Revision` bigint(20) NOT NULL,
  PRIMARY KEY (`id_SRO`),
  UNIQUE KEY `byRegNum` (`RegNum`)
) ENGINE=InnoDB DEFAULT CHARSET=utf8;
/*!40101 SET character_set_client = @saved_cs_client */;

--
-- Dumping data for table `mock_efrsb_sro`
--

LOCK TABLES `mock_efrsb_sro` WRITE;
/*!40000 ALTER TABLE `mock_efrsb_sro` DISABLE KEYS */;
set autocommit=0;
/*!40000 ALTER TABLE `mock_efrsb_sro` ENABLE KEYS */;
UNLOCK TABLES;
commit;

--
-- Table structure for table `poll`
--

DROP TABLE IF EXISTS `poll`;
/*!40101 SET @saved_cs_client     = @@character_set_client */;
/*!40101 SET character_set_client = utf8 */;
CREATE TABLE `poll` (
  `id_Poll` int(11) NOT NULL,
  `Name` varchar(200) DEFAULT NULL,
  `ExtraColumns` longblob,
  `DateStart` datetime DEFAULT NULL,
  `DateFinish` datetime DEFAULT NULL,
  `PollType` char(1) DEFAULT NULL,
  PRIMARY KEY (`id_Poll`)
) ENGINE=InnoDB DEFAULT CHARSET=utf8;
/*!40101 SET character_set_client = @saved_cs_client */;

--
-- Dumping data for table `poll`
--

LOCK TABLES `poll` WRITE;
/*!40000 ALTER TABLE `poll` DISABLE KEYS */;
set autocommit=0;
INSERT INTO `poll` VALUES (1,'Арбитражный управляющий года',0x0F010000789C8BE65250A80662050525BFC4DC54252B05A50B332E6CBAB0E1C2DE0BFB2E6C5280711490452FECB8D8AEA403D1959912EF979F9B99970AD26B0814ABD5C162E4FC0B5B2F365D6C801809E528208BE234D208979193811A775CD87C61DFC5868B3D17B6820C461202D23B1530D5E0B4C618640D572C008A9F7CFD,NULL,NULL,NULL),(2,'СРО Года',0xC8000000789C8BE65250A80662050525BFC4DC54252B05A50B0B2F2CB8304F0148EDB9B0F5C2EE8BDD175B9574204A3253E2FDF27333F352410A0D8162B53AB8F5CFBAD870B1F96213507F07D09C9D58CD302260C6F20B5B2F365E6CBAB017A72B8C412670C502002F634A0E,NULL,NULL,NULL);
/*!40000 ALTER TABLE `poll` ENABLE KEYS */;
UNLOCK TABLES;
commit;

--
-- Table structure for table `region`
--

DROP TABLE IF EXISTS `region`;
/*!40101 SET @saved_cs_client     = @@character_set_client */;
/*!40101 SET character_set_client = utf8 */;
CREATE TABLE `region` (
  `id_Region` int(11) NOT NULL AUTO_INCREMENT,
  `Name` varchar(250) NOT NULL,
  PRIMARY KEY (`id_Region`)
) ENGINE=InnoDB DEFAULT CHARSET=utf8;
/*!40101 SET character_set_client = @saved_cs_client */;

--
-- Dumping data for table `region`
--

LOCK TABLES `region` WRITE;
/*!40000 ALTER TABLE `region` DISABLE KEYS */;
set autocommit=0;
/*!40000 ALTER TABLE `region` ENABLE KEYS */;
UNLOCK TABLES;
commit;

--
-- Table structure for table `sro`
--

DROP TABLE IF EXISTS `sro`;
/*!40101 SET @saved_cs_client     = @@character_set_client */;
/*!40101 SET character_set_client = utf8 */;
CREATE TABLE `sro` (
  `id_SRO` int(11) NOT NULL,
  `RegNum` varchar(40) DEFAULT NULL,
  `SRO_Name` varchar(300) NOT NULL,
  `Revision` bigint(20) DEFAULT NULL,
  PRIMARY KEY (`id_SRO`)
) ENGINE=InnoDB DEFAULT CHARSET=utf8;
/*!40101 SET character_set_client = @saved_cs_client */;

--
-- Dumping data for table `sro`
--

LOCK TABLES `sro` WRITE;
/*!40000 ALTER TABLE `sro` DISABLE KEYS */;
set autocommit=0;
INSERT INTO `sro` VALUES (1,NULL,'ААУ \'Гарантия\'',NULL),(2,NULL,'ААУ \'Инициатива\'',NULL);
/*!40000 ALTER TABLE `sro` ENABLE KEYS */;
UNLOCK TABLES;
commit;

--
-- Table structure for table `tbl_migration`
--

DROP TABLE IF EXISTS `tbl_migration`;
/*!40101 SET @saved_cs_client     = @@character_set_client */;
/*!40101 SET character_set_client = utf8 */;
CREATE TABLE `tbl_migration` (
  `MigrationNumber` varchar(250) NOT NULL,
  `MigrationName` varchar(250) NOT NULL,
  `MigrationTime` timestamp NOT NULL DEFAULT CURRENT_TIMESTAMP ON UPDATE CURRENT_TIMESTAMP,
  PRIMARY KEY (`MigrationNumber`)
) ENGINE=InnoDB DEFAULT CHARSET=utf8;
/*!40101 SET character_set_client = @saved_cs_client */;

--
-- Dumping data for table `tbl_migration`
--

LOCK TABLES `tbl_migration` WRITE;
/*!40000 ALTER TABLE `tbl_migration` DISABLE KEYS */;
set autocommit=0;
/*!40000 ALTER TABLE `tbl_migration` ENABLE KEYS */;
UNLOCK TABLES;
commit;

--
-- Table structure for table `vote`
--

DROP TABLE IF EXISTS `vote`;
/*!40101 SET @saved_cs_client     = @@character_set_client */;
/*!40101 SET character_set_client = utf8 */;
CREATE TABLE `vote` (
  `id_Vote` bigint(20) NOT NULL,
  `id_Poll` int(11) DEFAULT NULL,
  `id_Manager` int(11) DEFAULT NULL,
  `BulletinText` text,
  `BulletinVoterSignature` longblob,
  `BulletinOrpauSignature` longblob,
  `VoteData` text,
  `VoteTime` datetime DEFAULT NULL,
  PRIMARY KEY (`id_Vote`),
  KEY `Ref_Vote_Manager` (`id_Manager`),
  KEY `Ref_Vote_Poll` (`id_Poll`),
  CONSTRAINT `Ref_Vote_Manager` FOREIGN KEY (`id_Manager`) REFERENCES `manager` (`id_Manager`),
  CONSTRAINT `Ref_Vote_Poll` FOREIGN KEY (`id_Poll`) REFERENCES `poll` (`id_Poll`)
) ENGINE=InnoDB DEFAULT CHARSET=utf8;
/*!40101 SET character_set_client = @saved_cs_client */;

--
-- Dumping data for table `vote`
--

LOCK TABLES `vote` WRITE;
/*!40000 ALTER TABLE `vote` DISABLE KEYS */;
set autocommit=0;
/*!40000 ALTER TABLE `vote` ENABLE KEYS */;
UNLOCK TABLES;
commit;

--
-- Dumping routines for database 'orpaudevel'
--
/*!40103 SET TIME_ZONE=@OLD_TIME_ZONE */;

/*!40101 SET SQL_MODE=@OLD_SQL_MODE */;
/*!40014 SET FOREIGN_KEY_CHECKS=@OLD_FOREIGN_KEY_CHECKS */;
/*!40014 SET UNIQUE_CHECKS=@OLD_UNIQUE_CHECKS */;
/*!40101 SET CHARACTER_SET_CLIENT=@OLD_CHARACTER_SET_CLIENT */;
/*!40101 SET CHARACTER_SET_RESULTS=@OLD_CHARACTER_SET_RESULTS */;
/*!40101 SET COLLATION_CONNECTION=@OLD_COLLATION_CONNECTION */;
/*!40111 SET SQL_NOTES=@OLD_SQL_NOTES */;

-- Dump completed on 2021-01-01 22:15:08
