-- MySQL dump 10.13  Distrib 5.7.28, for Win64 (x86_64)
--
-- Host: localhost    Database: orpaudevel
-- ------------------------------------------------------
-- Server version	5.7.28-log

/*!40101 SET @OLD_CHARACTER_SET_CLIENT=@@CHARACTER_SET_CLIENT */;
/*!40101 SET @OLD_CHARACTER_SET_RESULTS=@@CHARACTER_SET_RESULTS */;
/*!40101 SET @OLD_COLLATION_CONNECTION=@@COLLATION_CONNECTION */;
/*!40101 SET NAMES utf8 */;
/*!40103 SET @OLD_TIME_ZONE=@@TIME_ZONE */;
/*!40103 SET TIME_ZONE='+00:00' */;
/*!40014 SET @OLD_UNIQUE_CHECKS=@@UNIQUE_CHECKS, UNIQUE_CHECKS=0 */;
/*!40014 SET @OLD_FOREIGN_KEY_CHECKS=@@FOREIGN_KEY_CHECKS, FOREIGN_KEY_CHECKS=0 */;
/*!40101 SET @OLD_SQL_MODE=@@SQL_MODE, SQL_MODE='NO_AUTO_VALUE_ON_ZERO' */;
/*!40111 SET @OLD_SQL_NOTES=@@SQL_NOTES, SQL_NOTES=0 */;

--
-- Table structure for table `access_log`
--

DROP TABLE IF EXISTS `access_log`;
/*!40101 SET @saved_cs_client     = @@character_set_client */;
/*!40101 SET character_set_client = utf8 */;
CREATE TABLE `access_log` (
  `id_Log` bigint(20) NOT NULL AUTO_INCREMENT,
  `id_Log_type` int(11) NOT NULL,
  `IP` varchar(40) DEFAULT NULL,
  `INN` varchar(12) DEFAULT NULL,
  `OGRN` varchar(15) DEFAULT NULL,
  `SNILS` varchar(11) DEFAULT NULL,
  `Time` timestamp NOT NULL DEFAULT CURRENT_TIMESTAMP ON UPDATE CURRENT_TIMESTAMP,
  `Details` text,
  PRIMARY KEY (`id_Log`),
  KEY `byTime` (`Time`),
  KEY `byINN` (`INN`),
  KEY `bySNILS` (`SNILS`),
  KEY `by_log_type` (`id_Log_type`),
  CONSTRAINT `by_log_type` FOREIGN KEY (`id_Log_type`) REFERENCES `log_type` (`id_Log_type`)
) ENGINE=InnoDB DEFAULT CHARSET=utf8;
/*!40101 SET character_set_client = @saved_cs_client */;

--
-- Dumping data for table `access_log`
--

LOCK TABLES `access_log` WRITE;
/*!40000 ALTER TABLE `access_log` DISABLE KEYS */;
set autocommit=0;
/*!40000 ALTER TABLE `access_log` ENABLE KEYS */;
UNLOCK TABLES;
commit;

--
-- Table structure for table `confirmation`
--

DROP TABLE IF EXISTS `confirmation`;
/*!40101 SET @saved_cs_client     = @@character_set_client */;
/*!40101 SET character_set_client = utf8 */;
CREATE TABLE `confirmation` (
  `id_Confirmation` int(11) NOT NULL AUTO_INCREMENT,
  `id_Manager` int(11) NOT NULL,
  `id_Debtor` int(11) NOT NULL,
  `Number` varchar(20) NOT NULL,
  `TimeOfCreation` datetime NOT NULL,
  `Text` longblob NOT NULL,
  `Signature` longblob,
  `EfrsbMessageNumber` varchar(15) DEFAULT NULL,
  `JudicalActId` varchar(15) DEFAULT NULL,
  `CaseNumber` varchar(500) DEFAULT NULL,
  PRIMARY KEY (`id_Confirmation`),
  UNIQUE KEY `byNumber` (`Number`),
  KEY `Ref_Confirmation_Manager` (`id_Manager`),
  KEY `Ref_Confirmation_Debtor` (`id_Debtor`),
  CONSTRAINT `Ref_Confirmation_Debtor` FOREIGN KEY (`id_Debtor`) REFERENCES `debtor` (`id_Debtor`),
  CONSTRAINT `Ref_Confirmation_Manager` FOREIGN KEY (`id_Manager`) REFERENCES `manager` (`id_Manager`)
) ENGINE=InnoDB AUTO_INCREMENT=3 DEFAULT CHARSET=utf8;
/*!40101 SET character_set_client = @saved_cs_client */;

--
-- Dumping data for table `confirmation`
--

LOCK TABLES `confirmation` WRITE;
/*!40000 ALTER TABLE `confirmation` DISABLE KEYS */;
set autocommit=0;
INSERT INTO `confirmation` VALUES (1,1,2,'9999999999','2026-01-20 19:00:00',0xD0A1D0BFD180D0B0D0B2D0BAD0B020D0BE20D0BFD0BED0BBD0BDD0BED0BCD0BED187D0B8D18FD18520D090D180D0B1D0B8D182D180D0B0D0B6D0BDD0BED0B3D0BE20D183D0BFD180D0B0D0B2D0BBD18FD18ED189D0B5D0B3D0BE20E2849620330A0AD09FD0BED0B4D0B3D0BED182D0BED0B2D0BBD0B5D0BDD0B02032362E30312E3230313920D0B220D0BED182D0BDD0BED188D0B5D0BDD0B8D0B820D0BBD0B8D1863A0A2D202AD098D0B2D0B0D0BDD0BED0B220D098D0B2D0B0D0BD20D098D0B2D0B0D0BDD0BED0B2D0B8D1872A2028D0B4D0B0D0BBD0B5D0B5202D20D090D0A3292C20D0B4D0B5D0B9D181D182D0B2D183D18ED189D0B8D0B920D18120D0B0D182D180D0B8D0B1D183D182D0B0D0BCD0B83A0A202020202020D098D09DD09D203132333435363738392C0A202020202020D0BFD0BED187D182D0BED0B2D18BD0B920D183D0BB2E20D09AD0B8D180D0BED0B2D0B0203133310A202020202020D181D0B5D180D182D0B8D184D0B8D0BAD0B0D18220D0ADD09F20E284963334353833343538373633343538373620D0B2D18BD0B4D0B0D0BD20D0A3D0A620D098D0BDD184D0BED182D180D0B0D181D1820A2D202AD094D0BED0BBD0B3D0BED0B220D090D184D0B0D0BDD0B0D181D0B8D0B920D09FD0B5D182D180D0BED0B2D0B8D1872A2028D0B4D0B0D0BBD0B5D0B5202D20D094D0BED0BBD0B6D0BDD0B8D0BA2920D18120D0B0D182D180D0B8D0B1D183D182D0B0D0BCD0B83A0A202020202020D098D09DD09D2039373836373536343533343233310A202020202020D09ED093D0A0D09D2039373836373536343533343233310A0AD092D18BD188D0B5D0BED0B7D0BDD0B0D187D0B5D0BDD0BDD18BD0B920D090D0A320D0B4D0B5D0B9D181D182D0B2D183D0B5D18220D0B220D180D0B0D0BCD0BAD0B0D18520D097D09ED09120D0BAD0B0D0BA20D0B0D180D0B1D0B8D182D180D0B0D0B6D0BDD18BD0B920D183D0BFD180D0B0D0B2D0BBD18FD18ED189D0B8D0B920D0B220D0BFD180D0BED186D0B5D0B4D183D180D0B520D09DD0B0D0B1D0BBD18ED0B4D0B5D0BDD0B8D18F20D0BDD0B0D0B420D094D0BED0BBD0B6D0BDD0B8D0BAD0BED0BC2028D0B4D0B0D0BBD0B5D0B5202D20D09FD180D0BED186D0B5D0B4D183D180D0B0292E0AD09ED0B1D189D0B5D180D0BED181D181D0B8D0B9D181D0BAD0B8D0B920D0BFD180D0BED184D181D0BED18ED0B720D0B0D180D0B1D0B8D182D180D0B0D0B6D0BDD18BD18520D183D0BFD180D0B0D0B2D0BBD18FD18ED189D0B8D1852028D0B4D0B0D0BBD0B5D0B5202D20D09ED0A0D09FD090D0A32920D0BFD0BED0B4D182D0B2D0B5D180D0B6D0B4D0B0D0B5D18220D0BFD0BED0BBD0BDD0BED0BCD0BED187D0B8D18F20D090D0A320D0B220D09FD180D0BED186D0B5D0B4D183D180D0B520D0B220D181D0BED0BED182D0B2D0B5D182D181D182D0B2D0B8D0B820D18120D097D0B0D0BAD0BED0BDD0BED0B4D0B0D182D0B5D0BBD18CD181D182D0B2D0BED0BC20D0A0D0A420D0B820D0BFD0BF2E2031312C2031322C20313320D181D1822E203420D183D181D182D0B0D0B2D0B020D09ED0A0D09FD090D0A32E0A0AD09ED0A0D09FD090D0A320D0B2D18BD180D0B0D0B6D0B0D0B5D18220D0B3D0BED182D0BED0B2D0BDD0BED181D182D18C20D0B7D0B0D189D0B8D189D0B0D182D18C20D0B8D0BDD182D0B5D180D0B5D181D18B20D090D0A320D0B220D180D0B0D0BCD0BAD0B0D18520D09FD180D0BED186D0B5D0B4D183D180D18B2E0A0AD09ED0A0D09FD090D0A320D0BFD180D0B820D0BDD0B5D0BED0B1D185D0BED0B4D0B8D0BCD0BED181D182D0B820D0B3D0BED182D0BED0B220D181D0BED0BED0B1D189D0B8D182D18C20D0B8D0BBD0B820D0BFD0BED0B4D182D0B2D0B5D180D0B4D0B8D182D18C20D0BAD0BED0BDD182D0B0D0BAD182D0BDD18BD0B520D0B4D0B0D0BDD0BDD18BD0B520D090D0A32E0A0AD0A1D0BFD180D0B0D0B2D0BAD0B020D0BFD0BED0B4D0B3D0BED182D0BED0B2D0BBD0B5D0BDD0B020D0BDD0B020D0BED181D0BDD0BED0B2D0B0D0BDD0B8D0B820D181D0BBD0B5D0B4D183D18ED189D0B8D18520D0B4D0B0D0BDD0BDD18BD1853A0A312920D090D0A320D0BFD180D0B8D0BDD18FD18220D0B220D0A1D0A0D09E20E2809CD09BD0B8D185D0B8D0B520D090D0A3E2809D2031302F30392F323031352C20D181D0B2D0B5D0B4D0B5D0BDD0B8D0B920D0BE20D0B5D0B3D0BE20D0B8D181D0BAD0BBD18ED187D0B5D0BDD0B8D0B820D0B8D0BBD0B820D0B4D0B8D181D0BAD0B2D0B0D0BBD0B8D184D0B8D0BAD0B0D186D0B8D0B820D0BDD0B520D0BED0B1D0BDD0B0D180D183D0B6D0B5D0BDD0BE0A322920D09DD0B020D181D0B0D0B9D182D0B520D0B0D180D0B1D0B8D182D180D0B0D0B6D0BDD0BED0B3D0BE20D181D183D0B4D0B020D0BED0BFD183D0B1D0BBD0B8D0BAD0BED0B2D0B0D0BDD0BE20D0BED0BFD180D0B5D0B4D0B5D0BBD0B5D0BDD0B8D0B520D0BE20D0BDD0B0D0B7D0BDD0B0D187D0B5D0BDD0B8D0B820D090D0A320D0BED1822030312F30312F323031312C20D0BED0BFD180D0B5D0B4D0B5D0BBD0B5D0BDD0B8D0B920D0BE20D0B5D0B3D0BE20D0BED182D181D182D180D0B0D0BDD0B5D0BDD0B8D0B820D0B8D0BBD0B820D0B7D0B0D0B2D0B5D180D188D0B5D0BDD0B8D0B820D0BFD180D0BED186D0B5D0B4D183D180D0B520D0BDD0B520D0BED0B1D0BDD0B0D180D183D0B6D0B5D0BDD0BE0A332920D09DD0B020D181D0B0D0B9D182D0B520D0B5D0B4D0B8D0BDD0BED0B3D0BE20D184D0B5D0B4D0B5D180D0B0D0BBD18CD0BDD0BED0B3D0BE20D180D0B5D0B5D181D182D180D0B020D181D0B2D0B5D0B4D0B5D0BDD0B8D0B920D0BE20D0B1D0B0D0BDD0BAD180D0BED182D181D182D0B2D0B520D0BED0BFD183D0B1D0BBD0B8D0BAD0BED0B2D0B0D0BDD0BE20D181D0BED0BED0B1D189D0B5D0BDD0B8D0B520E28496333533343520D0B220D0BED182D0BDD0BED188D0B5D0BDD0B8D0B820D0B4D0BED0BBD0B6D0BDD0B8D0BAD0B020D0B7D0B020D0BFD0BED0B4D0BFD0B8D181D18CD18E20D090D0A32C20D181D0BED0BED0B1D189D0B5D0BDD0B8D0B920D0BED18220D0B4D180D183D0B3D0B8D18520D090D0A320D0BFD0BED181D0BBD0B520D18DD182D0BED0B920D0B4D0B0D182D18B20D0BDD0B520D0BED0B1D0BDD0B0D180D183D0B6D0B5D0BDD0BE,0xD0ADD09F20E284963334353833343538373633343538373620D0B2D18BD0B4D0B0D0BD20D0A3D0A620D098D0BDD184D0BED182D180D0B0D181D182,'35345','23764',NULL),(2,2,1,'2057239542','2026-03-20 20:00:00',0xD0A1D0BFD180D0B0D0B2D0BAD0B020D0BE20D0BFD0BED0BBD0BDD0BED0BCD0BED187D0B8D18FD18520D090D180D0B1D0B8D182D180D0B0D0B6D0BDD0BED0B3D0BE20D183D0BFD180D0B0D0B2D0BBD18FD18ED189D0B5D0B3D0BE20E2849620323035373233393534320A0AD09FD0BED0B4D0B3D0BED182D0BED0B2D0BBD0B5D0BDD0B02032362E30312E3230313920D0B220D0BED182D0BDD0BED188D0B5D0BDD0B8D0B820D0BBD0B8D1863A0A2D202AD0A1D0B5D0BCD191D0BDD0BED0B220D0A1D0B5D0BCD191D0BD20D0A1D0B5D0BCD191D0BDD0BED0B2D0B8D1872A2028D0B4D0B0D0BBD0B5D0B5202D20D090D0A3292C20D0B4D0B5D0B9D181D182D0B2D183D18ED189D0B8D0B920D18120D0B0D182D180D0B8D0B1D183D182D0B0D0BCD0B83A0A202020202020D098D09DD09D203938373635343332312C200A202020202020D0BFD0BED187D182D0BED0B2D18BD0B920D183D0BB2E20D092D0B0D0B4D0B8D0BCD0B02DD0A1D0B8D0B2D0BAD0BED0B2D0B0203137320A202020202020D181D0B5D180D182D0B8D184D0B8D0BAD0B0D18220D0ADD09F20E284963238393234373032333832373420D0B2D18BD0B4D0B0D0BD20D0A3D0A620D098D0BDD184D0BED182D180D0B0D181D1820A2D202AD093D0B0D0BBD18CD0BFD0B5D180D0BED0B220D092D0B0D181D0B8D0BBD0B8D0B920D092D0B0D181D0B8D0BBD18CD0B5D0B2D0B8D1872A2028D0B4D0B0D0BBD0B5D0B5202D20D094D0BED0BBD0B6D0BDD0B8D0BA2920D18120D0B0D182D180D0B8D0B1D183D182D0B0D0BCD0B83A0A202020202020D098D09DD09D2031333234333534363537363837390A202020202020D09ED093D0A0D09D2031333234333534363537363837390A0AD092D18BD188D0B5D0BED0B7D0BDD0B0D187D0B5D0BDD0BDD18BD0B920D090D0A320D0B4D0B5D0B9D181D182D0B2D183D0B5D18220D0B220D180D0B0D0BCD0BAD0B0D18520D097D09ED09120D0BAD0B0D0BA20D0B0D180D0B1D0B8D182D180D0B0D0B6D0BDD18BD0B920D183D0BFD180D0B0D0B2D0BBD18FD18ED189D0B8D0B920D0B220D0BFD180D0BED186D0B5D0B4D183D180D0B520D09DD0B0D0B1D0BBD18ED0B4D0B5D0BDD0B8D18F20D0BDD0B0D0B420D094D0BED0BBD0B6D0BDD0B8D0BAD0BED0BC2028D0B4D0B0D0BBD0B5D0B5202D20D09FD180D0BED186D0B5D0B4D183D180D0B0292E0AD09ED0B1D189D0B5D180D0BED181D181D0B8D0B9D181D0BAD0B8D0B920D0BFD180D0BED184D181D0BED18ED0B720D0B0D180D0B1D0B8D182D180D0B0D0B6D0BDD18BD18520D183D0BFD180D0B0D0B2D0BBD18FD18ED189D0B8D1852028D0B4D0B0D0BBD0B5D0B5202D20D09ED0A0D09FD090D0A32920D0BFD0BED0B4D182D0B2D0B5D180D0B6D0B4D0B0D0B5D18220D0BFD0BED0BBD0BDD0BED0BCD0BED187D0B8D18F20D090D0A320D0B220D09FD180D0BED186D0B5D0B4D183D180D0B520D0B220D181D0BED0BED182D0B2D0B5D182D181D182D0B2D0B8D0B820D18120D097D0B0D0BAD0BED0BDD0BED0B4D0B0D182D0B5D0BBD18CD181D182D0B2D0BED0BC20D0A0D0A420D0B820D0BFD0BF2E2031312C2031322C20313320D181D1822E203420D183D181D182D0B0D0B2D0B020D09ED0A0D09FD090D0A32E0A0AD09ED0A0D09FD090D0A320D0B2D18BD180D0B0D0B6D0B0D0B5D18220D0B3D0BED182D0BED0B2D0BDD0BED181D182D18C20D0B7D0B0D189D0B8D189D0B0D182D18C20D0B8D0BDD182D0B5D180D0B5D181D18B20D090D0A320D0B220D180D0B0D0BCD0BAD0B0D18520D09FD180D0BED186D0B5D0B4D183D180D18B2E0A0AD09ED0A0D09FD090D0A320D0BFD180D0B820D0BDD0B5D0BED0B1D185D0BED0B4D0B8D0BCD0BED181D182D0B820D0B3D0BED182D0BED0B220D181D0BED0BED0B1D189D0B8D182D18C20D0B8D0BBD0B820D0BFD0BED0B4D182D0B2D0B5D180D0B4D0B8D182D18C20D0BAD0BED0BDD182D0B0D0BAD182D0BDD18BD0B520D0B4D0B0D0BDD0BDD18BD0B520D090D0A32E0A0AD0A1D0BFD180D0B0D0B2D0BAD0B020D0BFD0BED0B4D0B3D0BED182D0BED0B2D0BBD0B5D0BDD0B020D0BDD0B020D0BED181D0BDD0BED0B2D0B0D0BDD0B8D0B820D181D0BBD0B5D0B4D183D18ED189D0B8D18520D0B4D0B0D0BDD0BDD18BD1853A0A312920D090D0A320D0BFD180D0B8D0BDD18FD18220D0B220D0A1D0A0D09E20E2809CD09BD0B8D185D0B8D0B520D090D0A3E2809D2031302F30392F323031352C20D181D0B2D0B5D0B4D0B5D0BDD0B8D0B920D0BE20D0B5D0B3D0BE20D0B8D181D0BAD0BBD18ED187D0B5D0BDD0B8D0B820D0B8D0BBD0B820D0B4D0B8D181D0BAD0B2D0B0D0BBD0B8D184D0B8D0BAD0B0D186D0B8D0B820D0BDD0B520D0BED0B1D0BDD0B0D180D183D0B6D0B5D0BDD0BE0A322920D09DD0B020D181D0B0D0B9D182D0B520D0B0D180D0B1D0B8D182D180D0B0D0B6D0BDD0BED0B3D0BE20D181D183D0B4D0B020D0BED0BFD183D0B1D0BBD0B8D0BAD0BED0B2D0B0D0BDD0BE20D0BED0BFD180D0B5D0B4D0B5D0BBD0B5D0BDD0B8D0B520D0BE20D0BDD0B0D0B7D0BDD0B0D187D0B5D0BDD0B8D0B820D090D0A320D0BED1822030312F30312F323031312C20D0BED0BFD180D0B5D0B4D0B5D0BBD0B5D0BDD0B8D0B920D0BE20D0B5D0B3D0BE20D0BED182D181D182D180D0B0D0BDD0B5D0BDD0B8D0B820D0B8D0BBD0B820D0B7D0B0D0B2D0B5D180D188D0B5D0BDD0B8D0B820D0BFD180D0BED186D0B5D0B4D183D180D0B520D0BDD0B520D0BED0B1D0BDD0B0D180D183D0B6D0B5D0BDD0BE0A332920D09DD0B020D181D0B0D0B9D182D0B520D0B5D0B4D0B8D0BDD0BED0B3D0BE20D184D0B5D0B4D0B5D180D0B0D0BBD18CD0BDD0BED0B3D0BE20D180D0B5D0B5D181D182D180D0B020D181D0B2D0B5D0B4D0B5D0BDD0B8D0B920D0BE20D0B1D0B0D0BDD0BAD180D0BED182D181D182D0B2D0B520D0BED0BFD183D0B1D0BBD0B8D0BAD0BED0B2D0B0D0BDD0BE20D181D0BED0BED0B1D189D0B5D0BDD0B8D0B520E28496323638323220D0B220D0BED182D0BDD0BED188D0B5D0BDD0B8D0B820D0B4D0BED0BBD0B6D0BDD0B8D0BAD0B020D0B7D0B020D0BFD0BED0B4D0BFD0B8D181D18CD18E20D090D0A32C20D181D0BED0BED0B1D189D0B5D0BDD0B8D0B920D0BED18220D0B4D180D183D0B3D0B8D18520D090D0A320D0BFD0BED181D0BBD0B520D18DD182D0BED0B920D0B4D0B0D182D18B20D0BDD0B520D0BED0B1D0BDD0B0D180D183D0B6D0B5D0BDD0BE,0xD0ADD09F20E284963238393234373032333832373420D0B2D18BD0B4D0B0D0BD20D0A3D0A620D098D0BDD184D0BED182D180D0B0D181D182,'26822','7293857',NULL);
/*!40000 ALTER TABLE `confirmation` ENABLE KEYS */;
UNLOCK TABLES;
commit;

--
-- Table structure for table `debtor`
--

DROP TABLE IF EXISTS `debtor`;
/*!40101 SET @saved_cs_client     = @@character_set_client */;
/*!40101 SET character_set_client = utf8 */;
CREATE TABLE `debtor` (
  `id_Debtor` int(11) NOT NULL AUTO_INCREMENT,
  `BankruptId` bigint(20) DEFAULT NULL,
  `ArbitrManagerID` int(11) DEFAULT NULL,
  `id_Region` int(11) DEFAULT NULL,
  `INN` varchar(12) DEFAULT NULL,
  `SNILS` varchar(11) DEFAULT NULL,
  `Name` varchar(152) DEFAULT NULL,
  `OGRN` varchar(15) DEFAULT NULL,
  `Revision` bigint(20) DEFAULT NULL,
  `LegalAdress` varchar(400) DEFAULT NULL,
  `LegalCaseList` longblob,
  PRIMARY KEY (`id_Debtor`),
  UNIQUE KEY `byBankruptId` (`BankruptId`),
  KEY `byName` (`Name`),
  KEY `byINN` (`INN`),
  KEY `bySNILS` (`SNILS`),
  KEY `byOGRN` (`OGRN`),
  KEY `byRevision` (`Revision`),
  KEY `Ref_Debtor_Manager` (`ArbitrManagerID`),
  KEY `refDebtor_Region` (`id_Region`),
  CONSTRAINT `refDebtor_Region` FOREIGN KEY (`id_Region`) REFERENCES `region` (`id_Region`)
) ENGINE=InnoDB AUTO_INCREMENT=4 DEFAULT CHARSET=utf8;
/*!40101 SET character_set_client = @saved_cs_client */;

--
-- Dumping data for table `debtor`
--

LOCK TABLES `debtor` WRITE;
/*!40000 ALTER TABLE `debtor` DISABLE KEYS */;
set autocommit=0;
INSERT INTO `debtor` VALUES (1,42,4321,NULL,'465422652901','76427634429','Гальперов Василий Васильевич','311275365969330',NULL,NULL,NULL),(2,32,3,NULL,'978675','978675','Долгов Афанасий Петрович','978675',NULL,NULL,NULL),(3,33,4322,NULL,'978675','978675','Ковалёв Михаил Петрович','978675',NULL,NULL,NULL);
/*!40000 ALTER TABLE `debtor` ENABLE KEYS */;
UNLOCK TABLES;
commit;

--
-- Table structure for table `debtor_manager`
--

DROP TABLE IF EXISTS `debtor_manager`;
/*!40101 SET @saved_cs_client     = @@character_set_client */;
/*!40101 SET character_set_client = utf8 */;
CREATE TABLE `debtor_manager` (
  `id_Debtor_Manager` int(11) NOT NULL,
  `BankruptId` bigint(20) DEFAULT NULL,
  `ArbitrManagerID` int(11) DEFAULT NULL,
  `DateTime_MessageFirst` datetime DEFAULT NULL,
  `DateTime_MessageLast` datetime DEFAULT NULL,
  `Revision` bigint(20) DEFAULT NULL,
  PRIMARY KEY (`id_Debtor_Manager`),
  KEY `Ref_Debtor_manager_Debtor` (`BankruptId`),
  KEY `Ref_Debtor_manager_Manager` (`ArbitrManagerID`)
) ENGINE=InnoDB DEFAULT CHARSET=utf8;
/*!40101 SET character_set_client = @saved_cs_client */;

--
-- Dumping data for table `debtor_manager`
--

LOCK TABLES `debtor_manager` WRITE;
/*!40000 ALTER TABLE `debtor_manager` DISABLE KEYS */;
set autocommit=0;
/*!40000 ALTER TABLE `debtor_manager` ENABLE KEYS */;
UNLOCK TABLES;
commit;

--
-- Table structure for table `email_attachment`
--

DROP TABLE IF EXISTS `email_attachment`;
/*!40101 SET @saved_cs_client     = @@character_set_client */;
/*!40101 SET character_set_client = utf8 */;
CREATE TABLE `email_attachment` (
  `id_Email_Attachment` int(11) NOT NULL AUTO_INCREMENT,
  `id_Email_Message` int(11) NOT NULL,
  `FileName` varchar(50) DEFAULT NULL,
  `Content` longblob,
  PRIMARY KEY (`id_Email_Attachment`),
  KEY `Email_Message_to_Attachment` (`id_Email_Message`),
  CONSTRAINT `Email_Message_to_Attachment` FOREIGN KEY (`id_Email_Message`) REFERENCES `email_message` (`id_Email_Message`)
) ENGINE=InnoDB AUTO_INCREMENT=4 DEFAULT CHARSET=utf8;
/*!40101 SET character_set_client = @saved_cs_client */;

--
-- Dumping data for table `email_attachment`
--

LOCK TABLES `email_attachment` WRITE;
/*!40000 ALTER TABLE `email_attachment` DISABLE KEYS */;
set autocommit=0;
INSERT INTO `email_attachment` VALUES (1,2,'a.txt',0x636F6E74656E7431),(2,3,'b.txt',0x636F6E74656E7432),(3,3,'c.txt',0x636F6E74656E7433);
/*!40000 ALTER TABLE `email_attachment` ENABLE KEYS */;
UNLOCK TABLES;
commit;

--
-- Table structure for table `email_error`
--

DROP TABLE IF EXISTS `email_error`;
/*!40101 SET @saved_cs_client     = @@character_set_client */;
/*!40101 SET character_set_client = utf8 */;
CREATE TABLE `email_error` (
  `id_Email_Error` int(11) NOT NULL AUTO_INCREMENT,
  `id_Email_Message` int(11) NOT NULL,
  `id_Email_Sender` int(11) NOT NULL,
  `TimeError` datetime NOT NULL,
  `Description` text NOT NULL,
  PRIMARY KEY (`id_Email_Error`),
  KEY `Email_Message_Error` (`id_Email_Message`),
  KEY `Email_Sender_Error` (`id_Email_Sender`),
  CONSTRAINT `Email_Message_Error` FOREIGN KEY (`id_Email_Message`) REFERENCES `email_message` (`id_Email_Message`),
  CONSTRAINT `Email_Sender_Error` FOREIGN KEY (`id_Email_Sender`) REFERENCES `email_sender` (`id_Email_Sender`)
) ENGINE=InnoDB DEFAULT CHARSET=utf8;
/*!40101 SET character_set_client = @saved_cs_client */;

--
-- Dumping data for table `email_error`
--

LOCK TABLES `email_error` WRITE;
/*!40000 ALTER TABLE `email_error` DISABLE KEYS */;
set autocommit=0;
/*!40000 ALTER TABLE `email_error` ENABLE KEYS */;
UNLOCK TABLES;
commit;

--
-- Table structure for table `email_message`
--

DROP TABLE IF EXISTS `email_message`;
/*!40101 SET @saved_cs_client     = @@character_set_client */;
/*!40101 SET character_set_client = utf8 */;
CREATE TABLE `email_message` (
  `id_Email_Message` int(11) NOT NULL AUTO_INCREMENT,
  `RecipientEmail` varchar(100) NOT NULL,
  `RecipientId` int(11) NOT NULL,
  `RecipientType` char(1) NOT NULL,
  `EmailType` char(1) NOT NULL,
  `TimeDispatch` datetime NOT NULL,
  `Details` longblob,
  PRIMARY KEY (`id_Email_Message`)
) ENGINE=InnoDB AUTO_INCREMENT=4 DEFAULT CHARSET=utf8;
/*!40101 SET character_set_client = @saved_cs_client */;

--
-- Dumping data for table `email_message`
--

LOCK TABLES `email_message` WRITE;
/*!40000 ALTER TABLE `email_message` DISABLE KEYS */;
set autocommit=0;
INSERT INTO `email_message` VALUES (1,'a@a.a',1,'d','a','2019-10-15 10:01:00',0x66000000789CABE65250500A2E4DCA4A4D2E51B252502A86300D9574401241A9C9A99965A94520990B332E6CBAB0E1C2DE0BFB2E6C5280711490452FECB8D80ED1E7949F5209D29304A40D95B86A0173652C97),(2,'b@b.b',2,'d','a','2019-10-16 10:01:00',0x66000000789CABE65250500A2E4DCA4A4D2E51B252502A86308D9474401241A9C9A99965A94520990BF32F4EBCD874B141E1C2FC0B5B418C0BFB2E6CBAB0E3623B8A00449F537E4A25484F12903652E2AA05003B142B59),(3,'c@c.c',3,'d','a','2019-10-17 10:01:00',0x54000000789CABE65250500A2E4DCA4A4D2E51B252502A86308D9574401241A9C9A99965A94520990B0B2FECB8B0E5C2BE8B0D17F65DD8A470612110415439E5A75482542401696325AE5A00F6EC1F04);
/*!40000 ALTER TABLE `email_message` ENABLE KEYS */;
UNLOCK TABLES;
commit;

--
-- Table structure for table `email_sender`
--

DROP TABLE IF EXISTS `email_sender`;
/*!40101 SET @saved_cs_client     = @@character_set_client */;
/*!40101 SET character_set_client = utf8 */;
CREATE TABLE `email_sender` (
  `id_Email_Sender` int(11) NOT NULL AUTO_INCREMENT,
  `SenderServer` varchar(50) DEFAULT NULL,
  `SenderUser` varchar(50) DEFAULT NULL,
  PRIMARY KEY (`id_Email_Sender`),
  UNIQUE KEY `byServerUser` (`SenderServer`,`SenderUser`)
) ENGINE=InnoDB AUTO_INCREMENT=3 DEFAULT CHARSET=utf8;
/*!40101 SET character_set_client = @saved_cs_client */;

--
-- Dumping data for table `email_sender`
--

LOCK TABLES `email_sender` WRITE;
/*!40000 ALTER TABLE `email_sender` DISABLE KEYS */;
set autocommit=0;
INSERT INTO `email_sender` VALUES (1,'server1','user1'),(2,'server2','user2');
/*!40000 ALTER TABLE `email_sender` ENABLE KEYS */;
UNLOCK TABLES;
commit;

--
-- Table structure for table `email_sent`
--

DROP TABLE IF EXISTS `email_sent`;
/*!40101 SET @saved_cs_client     = @@character_set_client */;
/*!40101 SET character_set_client = utf8 */;
CREATE TABLE `email_sent` (
  `id_Email_sent` int(11) NOT NULL AUTO_INCREMENT,
  `id_Email_Message` int(11) NOT NULL,
  `id_Email_Sender` int(11) NOT NULL,
  `TimeSent` datetime NOT NULL,
  `Message` longblob,
  PRIMARY KEY (`id_Email_sent`),
  KEY `Email_Message_Sent` (`id_Email_Message`),
  KEY `Email_Sender_Sent` (`id_Email_Sender`),
  CONSTRAINT `Email_Message_Sent` FOREIGN KEY (`id_Email_Message`) REFERENCES `email_message` (`id_Email_Message`),
  CONSTRAINT `Email_Sender_Sent` FOREIGN KEY (`id_Email_Sender`) REFERENCES `email_sender` (`id_Email_Sender`)
) ENGINE=InnoDB DEFAULT CHARSET=utf8;
/*!40101 SET character_set_client = @saved_cs_client */;

--
-- Dumping data for table `email_sent`
--

LOCK TABLES `email_sent` WRITE;
/*!40000 ALTER TABLE `email_sent` DISABLE KEYS */;
set autocommit=0;
/*!40000 ALTER TABLE `email_sent` ENABLE KEYS */;
UNLOCK TABLES;
commit;

--
-- Table structure for table `email_tosend`
--

DROP TABLE IF EXISTS `email_tosend`;
/*!40101 SET @saved_cs_client     = @@character_set_client */;
/*!40101 SET character_set_client = utf8 */;
CREATE TABLE `email_tosend` (
  `TimeDispatch` datetime NOT NULL,
  `id_Email_Message` int(11) NOT NULL,
  KEY `byTimeDispatch` (`TimeDispatch`,`id_Email_Message`),
  KEY `Email_Message_ToSend` (`id_Email_Message`),
  CONSTRAINT `Email_Message_ToSend` FOREIGN KEY (`id_Email_Message`) REFERENCES `email_message` (`id_Email_Message`)
) ENGINE=InnoDB DEFAULT CHARSET=utf8;
/*!40101 SET character_set_client = @saved_cs_client */;

--
-- Dumping data for table `email_tosend`
--

LOCK TABLES `email_tosend` WRITE;
/*!40000 ALTER TABLE `email_tosend` DISABLE KEYS */;
set autocommit=0;
/*!40000 ALTER TABLE `email_tosend` ENABLE KEYS */;
UNLOCK TABLES;
commit;

--
-- Table structure for table `log_type`
--

DROP TABLE IF EXISTS `log_type`;
/*!40101 SET @saved_cs_client     = @@character_set_client */;
/*!40101 SET character_set_client = utf8 */;
CREATE TABLE `log_type` (
  `id_Log_type` int(11) NOT NULL AUTO_INCREMENT,
  `Name` varchar(100) NOT NULL,
  PRIMARY KEY (`id_Log_type`)
) ENGINE=InnoDB DEFAULT CHARSET=utf8;
/*!40101 SET character_set_client = @saved_cs_client */;

--
-- Dumping data for table `log_type`
--

LOCK TABLES `log_type` WRITE;
/*!40000 ALTER TABLE `log_type` DISABLE KEYS */;
set autocommit=0;
/*!40000 ALTER TABLE `log_type` ENABLE KEYS */;
UNLOCK TABLES;
commit;

--
-- Table structure for table `manager`
--

DROP TABLE IF EXISTS `manager`;
/*!40101 SET @saved_cs_client     = @@character_set_client */;
/*!40101 SET character_set_client = utf8 */;
CREATE TABLE `manager` (
  `id_Manager` int(11) NOT NULL AUTO_INCREMENT,
  `ArbitrManagerID` int(11) NOT NULL,
  `SRORegNum` varchar(30) DEFAULT NULL,
  `id_Region` int(11) DEFAULT NULL,
  `FirstName` varchar(50) NOT NULL,
  `MiddleName` varchar(50) DEFAULT NULL,
  `LastName` varchar(50) NOT NULL,
  `OGRNIP` varchar(15) DEFAULT NULL,
  `INN` varchar(12) NOT NULL,
  `SRORegDate` datetime DEFAULT NULL,
  `RegNum` varchar(30) DEFAULT NULL,
  `Revision` bigint(20) NOT NULL,
  `CorrespondenceAddress` varchar(300) DEFAULT NULL,
  `SNILS` varchar(11) DEFAULT NULL,
  `Phone` varchar(12) DEFAULT NULL,
  `EMail` varchar(100) DEFAULT NULL,
  `Password` varchar(100) DEFAULT NULL,
  `Salt` varchar(50) DEFAULT NULL,
  `Login` varchar(100) DEFAULT NULL,
  `AgreementText` longblob,
  `AgreementSignature` longblob,
  `ClubAgreementText` longblob,
  `ClubAgreementSignature` longblob,
  `PhoneInAgreement` varchar(12) DEFAULT NULL,
  `ConfirmationCode` varchar(10) DEFAULT NULL,
  `ConfirmationCodeTime` datetime DEFAULT NULL,
  PRIMARY KEY (`id_Manager`),
  UNIQUE KEY `byArbitrManagerID` (`ArbitrManagerID`),
  KEY `byLastName` (`LastName`),
  KEY `byFirstName` (`FirstName`),
  KEY `byMiddleName` (`MiddleName`),
  KEY `byINN` (`INN`),
  KEY `byRevision` (`Revision`),
  KEY `refManager_SRO` (`SRORegNum`),
  KEY `refManager_Region` (`id_Region`),
  CONSTRAINT `refManager_Region` FOREIGN KEY (`id_Region`) REFERENCES `region` (`id_Region`)
) ENGINE=InnoDB AUTO_INCREMENT=4 DEFAULT CHARSET=utf8;
/*!40101 SET character_set_client = @saved_cs_client */;

--
-- Dumping data for table `manager`
--

LOCK TABLES `manager` WRITE;
/*!40000 ALTER TABLE `manager` DISABLE KEYS */;
set autocommit=0;
INSERT INTO `manager` VALUES (1,3,'100500',1,'Иван','Иванович','Иванов',NULL,'364484332544',NULL,'123',-3,'ул. Вадима-Сивкова 172',NULL,'89889889988','IvanovII@someMail.com','Password',NULL,NULL,0xD0B4D0B0,0x31,NULL,NULL,NULL,NULL,NULL),(2,4321,'100501',2,'Семён','Семёнович','Семёнов',NULL,'987654321',NULL,'987654321',-2,'ул. Кирова 131',NULL,'89876543231','Sem1972@someMail.com','Password',NULL,NULL,NULL,NULL,NULL,NULL,NULL,NULL,NULL),(3,4322,NULL,NULL,'Григорий','Григорьевич','Афанасьев',NULL,'111111111',NULL,'987654321',-1,'ул. Кирова 131',NULL,'89876543231','Sem1972@someMail.com','Password',NULL,NULL,0xD0B4D0B0,0x31,0xD0B4D0B0,NULL,NULL,NULL,NULL);
/*!40000 ALTER TABLE `manager` ENABLE KEYS */;
UNLOCK TABLES;
commit;

--
-- Table structure for table `manager_group`
--

DROP TABLE IF EXISTS `manager_group`;
/*!40101 SET @saved_cs_client     = @@character_set_client */;
/*!40101 SET character_set_client = utf8 */;
CREATE TABLE `manager_group` (
  `id_Manager_group` int(11) NOT NULL AUTO_INCREMENT,
  `Name` varchar(70) NOT NULL,
  `Description` text,
  PRIMARY KEY (`id_Manager_group`)
) ENGINE=InnoDB AUTO_INCREMENT=3 DEFAULT CHARSET=utf8;
/*!40101 SET character_set_client = @saved_cs_client */;

--
-- Dumping data for table `manager_group`
--

LOCK TABLES `manager_group` WRITE;
/*!40000 ALTER TABLE `manager_group` DISABLE KEYS */;
set autocommit=0;
INSERT INTO `manager_group` VALUES (1,'Синие','Описание синих'),(2,'Зелёные','Описание зелёных');
/*!40000 ALTER TABLE `manager_group` ENABLE KEYS */;
UNLOCK TABLES;
commit;

--
-- Table structure for table `manager_group_manager`
--

DROP TABLE IF EXISTS `manager_group_manager`;
/*!40101 SET @saved_cs_client     = @@character_set_client */;
/*!40101 SET character_set_client = utf8 */;
CREATE TABLE `manager_group_manager` (
  `id_Manager` int(11) NOT NULL,
  `id_Manager_group` int(11) NOT NULL,
  PRIMARY KEY (`id_Manager`,`id_Manager_group`),
  KEY `ref_group_manager` (`id_Manager`),
  KEY `ref_manager_group` (`id_Manager_group`),
  CONSTRAINT `ref_group_manager` FOREIGN KEY (`id_Manager`) REFERENCES `manager` (`id_Manager`),
  CONSTRAINT `ref_manager_group` FOREIGN KEY (`id_Manager_group`) REFERENCES `manager_group` (`id_Manager_group`) ON DELETE CASCADE
) ENGINE=InnoDB DEFAULT CHARSET=utf8;
/*!40101 SET character_set_client = @saved_cs_client */;

--
-- Dumping data for table `manager_group_manager`
--

LOCK TABLES `manager_group_manager` WRITE;
/*!40000 ALTER TABLE `manager_group_manager` DISABLE KEYS */;
set autocommit=0;
INSERT INTO `manager_group_manager` VALUES (1,1),(2,1),(3,2);
/*!40000 ALTER TABLE `manager_group_manager` ENABLE KEYS */;
UNLOCK TABLES;
commit;

--
-- Table structure for table `mock_efrsb_debtor`
--

DROP TABLE IF EXISTS `mock_efrsb_debtor`;
/*!40101 SET @saved_cs_client     = @@character_set_client */;
/*!40101 SET character_set_client = utf8 */;
CREATE TABLE `mock_efrsb_debtor` (
  `id_Debtor` int(11) NOT NULL AUTO_INCREMENT,
  `BankruptId` bigint(20) NOT NULL,
  `ArbitrManagerID` int(11) DEFAULT NULL,
  `id_Region` int(11) NOT NULL,
  `Body` longblob NOT NULL,
  `LastMessageDate` datetime DEFAULT NULL,
  `LastReportDate` datetime DEFAULT NULL,
  `INN` varchar(12) DEFAULT NULL,
  `SNILS` varchar(11) DEFAULT NULL,
  `Name` varchar(152) DEFAULT NULL,
  `OGRN` varchar(15) DEFAULT NULL,
  `DateLastModif` datetime NOT NULL,
  `Category` varchar(100) NOT NULL,
  `CategoryCode` varchar(50) NOT NULL,
  `Revision` bigint(20) NOT NULL,
  PRIMARY KEY (`id_Debtor`),
  UNIQUE KEY `byBankruptId_1` (`BankruptId`),
  KEY `refMockEfrsbManager_Debtor` (`id_Region`),
  KEY `byArbitrManagerID` (`ArbitrManagerID`),
  CONSTRAINT `refMockEfrsbManager_Debtor` FOREIGN KEY (`id_Region`) REFERENCES `mock_efrsb_region` (`id_Region`)
) ENGINE=InnoDB DEFAULT CHARSET=utf8;
/*!40101 SET character_set_client = @saved_cs_client */;

--
-- Dumping data for table `mock_efrsb_debtor`
--

LOCK TABLES `mock_efrsb_debtor` WRITE;
/*!40000 ALTER TABLE `mock_efrsb_debtor` DISABLE KEYS */;
set autocommit=0;
/*!40000 ALTER TABLE `mock_efrsb_debtor` ENABLE KEYS */;
UNLOCK TABLES;
commit;

--
-- Table structure for table `mock_efrsb_debtor_manager`
--

DROP TABLE IF EXISTS `mock_efrsb_debtor_manager`;
/*!40101 SET @saved_cs_client     = @@character_set_client */;
/*!40101 SET character_set_client = utf8 */;
CREATE TABLE `mock_efrsb_debtor_manager` (
  `id_Debtor_Manager` int(11) NOT NULL AUTO_INCREMENT,
  `ArbitrManagerID` int(11) NOT NULL,
  `BankruptId` bigint(20) NOT NULL,
  `DateTime_MessageFirst` datetime NOT NULL,
  `DateTime_MessageLast` datetime NOT NULL,
  `Revision` bigint(20) NOT NULL,
  PRIMARY KEY (`id_Debtor_Manager`),
  KEY `debtor_manager_byArbitrManagerID` (`ArbitrManagerID`),
  KEY `byBankruptId` (`BankruptId`)
) ENGINE=InnoDB DEFAULT CHARSET=utf8;
/*!40101 SET character_set_client = @saved_cs_client */;

--
-- Dumping data for table `mock_efrsb_debtor_manager`
--

LOCK TABLES `mock_efrsb_debtor_manager` WRITE;
/*!40000 ALTER TABLE `mock_efrsb_debtor_manager` DISABLE KEYS */;
set autocommit=0;
/*!40000 ALTER TABLE `mock_efrsb_debtor_manager` ENABLE KEYS */;
UNLOCK TABLES;
commit;

--
-- Table structure for table `mock_efrsb_manager`
--

DROP TABLE IF EXISTS `mock_efrsb_manager`;
/*!40101 SET @saved_cs_client     = @@character_set_client */;
/*!40101 SET character_set_client = utf8 */;
CREATE TABLE `mock_efrsb_manager` (
  `id_Manager` int(11) NOT NULL AUTO_INCREMENT,
  `ArbitrManagerID` int(11) NOT NULL,
  `SRORegNum` varchar(30) DEFAULT NULL,
  `id_Region` int(11) DEFAULT NULL,
  `FirstName` varchar(50) NOT NULL,
  `MiddleName` varchar(50) DEFAULT NULL,
  `LastName` varchar(50) NOT NULL,
  `OGRNIP` varchar(15) DEFAULT NULL,
  `INN` varchar(12) NOT NULL,
  `DateLastModif` datetime NOT NULL,
  `DateReg` datetime DEFAULT NULL,
  `SRORegDate` datetime DEFAULT NULL,
  `DateDelete` datetime DEFAULT NULL,
  `Body` longblob NOT NULL,
  `RegNum` varchar(30) DEFAULT NULL,
  `DownloadDate` timestamp NOT NULL DEFAULT CURRENT_TIMESTAMP ON UPDATE CURRENT_TIMESTAMP,
  `Revision` bigint(20) NOT NULL,
  `CorrespondenceAddress` varchar(300) DEFAULT NULL,
  `SNILS` varchar(11) DEFAULT NULL,
  PRIMARY KEY (`id_Manager`),
  UNIQUE KEY `byArbitrManagerID_1` (`ArbitrManagerID`),
  KEY `refMockEfrsbManager_Region` (`id_Region`),
  KEY `refMockEfrsbManager_SRO` (`SRORegNum`),
  CONSTRAINT `refMockEfrsbManager_Region` FOREIGN KEY (`id_Region`) REFERENCES `mock_efrsb_region` (`id_Region`)
) ENGINE=InnoDB DEFAULT CHARSET=utf8;
/*!40101 SET character_set_client = @saved_cs_client */;

--
-- Dumping data for table `mock_efrsb_manager`
--

LOCK TABLES `mock_efrsb_manager` WRITE;
/*!40000 ALTER TABLE `mock_efrsb_manager` DISABLE KEYS */;
set autocommit=0;
/*!40000 ALTER TABLE `mock_efrsb_manager` ENABLE KEYS */;
UNLOCK TABLES;
commit;

--
-- Table structure for table `mock_efrsb_region`
--

DROP TABLE IF EXISTS `mock_efrsb_region`;
/*!40101 SET @saved_cs_client     = @@character_set_client */;
/*!40101 SET character_set_client = utf8 */;
CREATE TABLE `mock_efrsb_region` (
  `id_Region` int(11) NOT NULL AUTO_INCREMENT,
  `Name` varchar(250) DEFAULT NULL,
  PRIMARY KEY (`id_Region`)
) ENGINE=InnoDB DEFAULT CHARSET=utf8;
/*!40101 SET character_set_client = @saved_cs_client */;

--
-- Dumping data for table `mock_efrsb_region`
--

LOCK TABLES `mock_efrsb_region` WRITE;
/*!40000 ALTER TABLE `mock_efrsb_region` DISABLE KEYS */;
set autocommit=0;
/*!40000 ALTER TABLE `mock_efrsb_region` ENABLE KEYS */;
UNLOCK TABLES;
commit;

--
-- Table structure for table `mock_efrsb_sro`
--

DROP TABLE IF EXISTS `mock_efrsb_sro`;
/*!40101 SET @saved_cs_client     = @@character_set_client */;
/*!40101 SET character_set_client = utf8 */;
CREATE TABLE `mock_efrsb_sro` (
  `id_SRO` int(11) NOT NULL,
  `OGRN` varchar(15) DEFAULT NULL,
  `RegNum` varchar(30) NOT NULL,
  `Body` longblob NOT NULL,
  `INN` varchar(10) NOT NULL,
  `DateLastModif` datetime NOT NULL,
  `Name` varchar(250) DEFAULT NULL,
  `ShortTitle` varchar(250) DEFAULT NULL,
  `Title` varchar(250) DEFAULT NULL,
  `UrAdress` varchar(250) DEFAULT NULL,
  `Revision` bigint(20) NOT NULL,
  PRIMARY KEY (`id_SRO`),
  UNIQUE KEY `byRegNum` (`RegNum`)
) ENGINE=InnoDB DEFAULT CHARSET=utf8;
/*!40101 SET character_set_client = @saved_cs_client */;

--
-- Dumping data for table `mock_efrsb_sro`
--

LOCK TABLES `mock_efrsb_sro` WRITE;
/*!40000 ALTER TABLE `mock_efrsb_sro` DISABLE KEYS */;
set autocommit=0;
/*!40000 ALTER TABLE `mock_efrsb_sro` ENABLE KEYS */;
UNLOCK TABLES;
commit;

--
-- Table structure for table `poll`
--

DROP TABLE IF EXISTS `poll`;
/*!40101 SET @saved_cs_client     = @@character_set_client */;
/*!40101 SET character_set_client = utf8 */;
CREATE TABLE `poll` (
  `id_Poll` int(11) NOT NULL AUTO_INCREMENT,
  `id_SRO` int(11) DEFAULT NULL,
  `id_Region` int(11) DEFAULT NULL,
  `id_Manager_group` int(11) DEFAULT NULL,
  `Name` varchar(200) DEFAULT NULL,
  `ExtraColumns` longblob,
  `DateFinish` datetime DEFAULT NULL,
  `PollType` char(1) DEFAULT NULL,
  `Status` char(1) DEFAULT NULL,
  `TimeChange` datetime DEFAULT NULL,
  `TimeNotified` datetime DEFAULT NULL,
  PRIMARY KEY (`id_Poll`),
  KEY `refPoll_SRO` (`id_SRO`),
  KEY `refPoll_Region` (`id_Region`),
  KEY `ref_poll_manager_group` (`id_Manager_group`),
  CONSTRAINT `refPoll_Region` FOREIGN KEY (`id_Region`) REFERENCES `region` (`id_Region`),
  CONSTRAINT `refPoll_SRO` FOREIGN KEY (`id_SRO`) REFERENCES `sro` (`id_SRO`),
  CONSTRAINT `ref_poll_manager_group` FOREIGN KEY (`id_Manager_group`) REFERENCES `manager_group` (`id_Manager_group`)
) ENGINE=InnoDB AUTO_INCREMENT=4 DEFAULT CHARSET=utf8;
/*!40101 SET character_set_client = @saved_cs_client */;

--
-- Dumping data for table `poll`
--

LOCK TABLES `poll` WRITE;
/*!40000 ALTER TABLE `poll` DISABLE KEYS */;
set autocommit=0;
INSERT INTO `poll` VALUES (1,NULL,NULL,NULL,'Арбитражный управляющий года',0xF7020000789CAD524D6AC26010DD7B8A8FAC4B88597A8AEE8B64530A82D0038890C64D8B452516EAA614A10788A969A3F1E70A6F6ED4375F12FF70591826C9CC9B796F66D26B18E374EE83DBC76ED76919A7E9DC68041F48F08B947E8B1C99A63091100BE412F199E0075B1962656480BD0DA428642C237961C1CAE01B3B2C9154FD627E296C274F3264B73B468DE9596FF301F684A4C80888B0AE2863522C58141A2497EC8493E31A7F6613670A4A164E15D870A1422CDF71C05A8C02BF94131BF62E48195AE49AAD0E9A9491525EFF43D709A1EA5BC888AC053711B1622B63657DF0CFE0B1A5CD553D898F0BADF3B36A32EA3698B9B49372057C6AFB723083D8A55D00E6ECBEB4A22C64E2D29C03A25DBDF51BB56F97777EB7036712CAB38A3F5BAD83375D5AB9C6A6EFD27CCF6F56C4BAD890359B7260CF6B799E12F6CBC6D3FA6A32E02E237B899437CCAA1F6C6E7311FDF8E4979D5EBD75A3FF076D238A9A,'2021-05-01 10:00:01',NULL,'n',NULL,NULL),(2,NULL,NULL,NULL,'СРО Года',0x6B020000789C75925D4AC3501085DFB38ACB7D1649F3D855F86E4B5E44100A2EA004620A22545A49047D512CBA80341A2CFDDDC2991D79E626691BA8245CDA9973BF393393A1678CBDB90A2F6E0703DB3536B0671AC11B72FCA2E0B9C102A5A630C307DE0D326CF183BC16A6FCB793185BB9933165978C1A3374A7CB87D85152A0A420C1B266A532C69C9762730A5B5DA58710DF0CAF94EE20073B4D05157E29086B1951B9502F542E89DA17622C97441EFF2D7644D1A2739910B5A2E70425363255D475D092A744C634434B441F5A6FF24F7C3E4DCFB2960A9D8CEEA63D7B8469095FB539B957A64AB55D8AF7DA7EFD2BF29AB35FADE085709D6F2C0FEAB635208B674773C3E804E77C033FE8D416743C31EFACAB0E7DBFEBFB5A30AAC059337B19C9441237CF829B28EBDDCF5C2EE1393DFA4CB2931BF3A23FC85E2DFD,'2021-05-01 10:00:01',NULL,'n',NULL,NULL),(3,NULL,1,NULL,'Выборы канидатов от Удмуртии',0xD2020000789C75524B6A024114DC7B8AA6D7218C939DA7C83E8A1B1310846C5C0444988C1002060D1A889B848839809F88E2F70AF56E64BD9EAF6098A19979AFBAAADEA75530C6D66BD5DBC746C3968CBDB1571AC117A65861CE738F35969AC2183FF83618E2803F4C63E0807F4709709067E91276C7A8312D77BA7C154742E65812106213730DA48B192F05E6126D74951EAA5830BC55764792D9491414F8AB44D84987C8B57A217243AA5488B1A984F2F6AF588E454567D223D5969E432CB197BE523DF867F00129039AA1255267A527F9773E1353B6D452A083D15DBF6C733467C09116272FCAA9502D97E0145B89BFDA85E4AC4423F824B9F6379057757BD6208B0FC7E69A51F4AFF9FA9E5F8C2D687B02DED945157A5EC9F354B01D110F93DE4B477A122AC4C1179438601F6FC008AB4C2E9F77A2E926D46BCE4236DFE6FD53D38D68C2517078F4EF1A64D3FA621B636721E4D9CF6DE3F0E26214DA27951A56B6,'2021-05-01 10:00:01',NULL,'n',NULL,NULL);
/*!40000 ALTER TABLE `poll` ENABLE KEYS */;
UNLOCK TABLES;
commit;

--
-- Table structure for table `poll_document`
--

DROP TABLE IF EXISTS `poll_document`;
/*!40101 SET @saved_cs_client     = @@character_set_client */;
/*!40101 SET character_set_client = utf8 */;
CREATE TABLE `poll_document` (
  `id_Poll_document` int(11) NOT NULL AUTO_INCREMENT,
  `id_Poll` int(11) NOT NULL,
  `Poll_document_type` char(1) NOT NULL,
  `Poll_document_time` datetime NOT NULL,
  `FileName` varchar(70) NOT NULL,
  `Body` longblob NOT NULL,
  `Parameters` text NOT NULL,
  PRIMARY KEY (`id_Poll_document`),
  KEY `Ref_Poll_Document` (`id_Poll`),
  CONSTRAINT `Ref_Poll_Document` FOREIGN KEY (`id_Poll`) REFERENCES `poll` (`id_Poll`)
) ENGINE=InnoDB DEFAULT CHARSET=utf8;
/*!40101 SET character_set_client = @saved_cs_client */;

--
-- Dumping data for table `poll_document`
--

LOCK TABLES `poll_document` WRITE;
/*!40000 ALTER TABLE `poll_document` DISABLE KEYS */;
set autocommit=0;
/*!40000 ALTER TABLE `poll_document` ENABLE KEYS */;
UNLOCK TABLES;
commit;

--
-- Table structure for table `question`
--

DROP TABLE IF EXISTS `question`;
/*!40101 SET @saved_cs_client     = @@character_set_client */;
/*!40101 SET character_set_client = utf8 */;
CREATE TABLE `question` (
  `id_Question` int(11) NOT NULL AUTO_INCREMENT,
  `id_Poll` int(11) NOT NULL,
  `Title` varchar(250) NOT NULL,
  `Extra` longblob,
  PRIMARY KEY (`id_Question`),
  KEY `Ref_Question_Poll` (`id_Poll`),
  CONSTRAINT `Ref_Question_Poll` FOREIGN KEY (`id_Poll`) REFERENCES `poll` (`id_Poll`) ON DELETE CASCADE
) ENGINE=InnoDB AUTO_INCREMENT=3 DEFAULT CHARSET=utf8;
/*!40101 SET character_set_client = @saved_cs_client */;

--
-- Dumping data for table `question`
--

LOCK TABLES `question` WRITE;
/*!40000 ALTER TABLE `question` DISABLE KEYS */;
set autocommit=0;
INSERT INTO `question` VALUES (1,1,'Выбор арбитражного управляющего года',0x05010000789C4D8F410AC2301444F73D45C85ABA70E95544DC7909114A5D49A595AEBA13C103A4B195626CBDC2FC1B39F98A089F24CC9B3F43B6893116574C92E1297B040C7C4DF078C0D905592D055A6A4E72391A5E195A9AF228E18E91E61B26C3DD974A1E412A29E5805E413CD0316CF65F05B7666AC9BE805E727A47A962DF66FE35D65A353071645941B6A41E49C30EA7C5DEA04939BA12D139867D3E6050A79C1FBA30ABD37285A79463C956C9EE0D58CF9455),(2,2,'Выбор СРО Года',0xD1000000789C558E310AC2401045FB9C62D8DACAD2AB18B1F312228415D2448CC4C64A143DC02806426272863F37F24FB050B659E6BD79CC3A1109B863B00C6FDBA243C3DF80275A6898915556E0C1995AB49DE08A0BCE82239D178DC9EF3E744975CF4887DA226AF4567A6435FD8A1533191A2849B4826CCEB99303DF4DD2C0B22BA3C05BCA348CAB7FCA093D51EE1D9778AC52A3B548361F4AF2733A);
/*!40000 ALTER TABLE `question` ENABLE KEYS */;
UNLOCK TABLES;
commit;

--
-- Table structure for table `region`
--

DROP TABLE IF EXISTS `region`;
/*!40101 SET @saved_cs_client     = @@character_set_client */;
/*!40101 SET character_set_client = utf8 */;
CREATE TABLE `region` (
  `id_Region` int(11) NOT NULL AUTO_INCREMENT,
  `Name` varchar(250) NOT NULL,
  PRIMARY KEY (`id_Region`)
) ENGINE=InnoDB AUTO_INCREMENT=3 DEFAULT CHARSET=utf8;
/*!40101 SET character_set_client = @saved_cs_client */;

--
-- Dumping data for table `region`
--

LOCK TABLES `region` WRITE;
/*!40000 ALTER TABLE `region` DISABLE KEYS */;
set autocommit=0;
INSERT INTO `region` VALUES (1,'Удмуртия'),(2,'Башкирия');
/*!40000 ALTER TABLE `region` ENABLE KEYS */;
UNLOCK TABLES;
commit;

--
-- Table structure for table `sro`
--

DROP TABLE IF EXISTS `sro`;
/*!40101 SET @saved_cs_client     = @@character_set_client */;
/*!40101 SET character_set_client = utf8 */;
CREATE TABLE `sro` (
  `id_SRO` int(11) NOT NULL AUTO_INCREMENT,
  `OGRN` varchar(15) DEFAULT NULL,
  `RegNum` varchar(30) NOT NULL,
  `INN` varchar(10) NOT NULL,
  `Name` varchar(250) DEFAULT NULL,
  `ShortTitle` varchar(250) DEFAULT NULL,
  `Title` varchar(250) DEFAULT NULL,
  `UrAdress` varchar(250) DEFAULT NULL,
  `Revision` bigint(20) NOT NULL,
  PRIMARY KEY (`id_SRO`),
  UNIQUE KEY `byRegNum` (`RegNum`)
) ENGINE=InnoDB AUTO_INCREMENT=3 DEFAULT CHARSET=utf8;
/*!40101 SET character_set_client = @saved_cs_client */;

--
-- Dumping data for table `sro`
--

LOCK TABLES `sro` WRITE;
/*!40000 ALTER TABLE `sro` DISABLE KEYS */;
set autocommit=0;
INSERT INTO `sro` VALUES (1,NULL,'100500','7491772104','ААУ \'Гарантия\'',NULL,NULL,NULL,-2),(2,NULL,'100501','5426643024','ААУ \'Инициатива\'',NULL,NULL,NULL,-1);
/*!40000 ALTER TABLE `sro` ENABLE KEYS */;
UNLOCK TABLES;
commit;

--
-- Table structure for table `tbl_migration`
--

DROP TABLE IF EXISTS `tbl_migration`;
/*!40101 SET @saved_cs_client     = @@character_set_client */;
/*!40101 SET character_set_client = utf8 */;
CREATE TABLE `tbl_migration` (
  `MigrationNumber` varchar(250) NOT NULL,
  `MigrationName` varchar(250) NOT NULL,
  `MigrationTime` timestamp NOT NULL DEFAULT CURRENT_TIMESTAMP ON UPDATE CURRENT_TIMESTAMP,
  PRIMARY KEY (`MigrationNumber`)
) ENGINE=InnoDB DEFAULT CHARSET=utf8;
/*!40101 SET character_set_client = @saved_cs_client */;

--
-- Dumping data for table `tbl_migration`
--

LOCK TABLES `tbl_migration` WRITE;
/*!40000 ALTER TABLE `tbl_migration` DISABLE KEYS */;
set autocommit=0;
INSERT INTO `tbl_migration` VALUES ('m001','AddPollRegionSro','2020-01-07 14:00:00'),('m002','DropUnncesessaryMockEfrsbTables','2020-01-07 14:00:00'),('m003','FixEfrsbMockTables','2020-01-07 14:00:00'),('m004','FixDebtorLegalCaseList','2020-01-07 14:00:00'),('m005','AddIndexes','2020-01-07 14:00:00'),('m006','AddVodingDocumentsLog','2020-01-07 14:00:00'),('m007','AddManagerPoll','2020-01-07 14:00:00'),('m008','AddQuestion','2020-01-07 14:00:00'),('m009','AddPollState','2020-01-07 14:00:00'),('m010','AddLogin','2020-01-07 14:00:00'),('m011','AddTimeNotified','2020-01-07 14:00:00'),('m012','AddClubAgreement','2020-01-07 14:00:00'),('m013','AddClubAgreementSignature','2020-01-07 14:00:00');
/*!40000 ALTER TABLE `tbl_migration` ENABLE KEYS */;
UNLOCK TABLES;
commit;

--
-- Table structure for table `vote`
--

DROP TABLE IF EXISTS `vote`;
/*!40101 SET @saved_cs_client     = @@character_set_client */;
/*!40101 SET character_set_client = utf8 */;
CREATE TABLE `vote` (
  `id_Vote` bigint(20) NOT NULL AUTO_INCREMENT,
  `id_Manager` int(11) DEFAULT NULL,
  `id_Question` int(11) NOT NULL,
  `BulletinText` text,
  `BulletinVoterSignature` longblob,
  `BulletinOrpauSignature` longblob,
  `VoteData` text,
  `VoteTime` datetime DEFAULT NULL,
  `Confirmation_code` varchar(10) DEFAULT NULL,
  `Confirmation_code_time` datetime DEFAULT NULL,
  PRIMARY KEY (`id_Vote`),
  KEY `Ref_Vote_Manager` (`id_Manager`),
  KEY `Ref_Vote_Question` (`id_Question`),
  CONSTRAINT `Ref_Vote_Manager` FOREIGN KEY (`id_Manager`) REFERENCES `manager` (`id_Manager`),
  CONSTRAINT `Ref_Vote_Question` FOREIGN KEY (`id_Question`) REFERENCES `question` (`id_Question`) ON DELETE CASCADE
) ENGINE=InnoDB DEFAULT CHARSET=utf8;
/*!40101 SET character_set_client = @saved_cs_client */;

--
-- Dumping data for table `vote`
--

LOCK TABLES `vote` WRITE;
/*!40000 ALTER TABLE `vote` DISABLE KEYS */;
set autocommit=0;
/*!40000 ALTER TABLE `vote` ENABLE KEYS */;
UNLOCK TABLES;
commit;

--
-- Table structure for table `vote_document`
--

DROP TABLE IF EXISTS `vote_document`;
/*!40101 SET @saved_cs_client     = @@character_set_client */;
/*!40101 SET character_set_client = utf8 */;
CREATE TABLE `vote_document` (
  `id_Vote_document` int(11) NOT NULL AUTO_INCREMENT,
  `id_Vote` bigint(20) NOT NULL,
  `Vote_document_type` char(1) NOT NULL,
  `Vote_document_time` datetime NOT NULL,
  `FileName` varchar(80) NOT NULL,
  `Body` longblob NOT NULL,
  `Parameters` text NOT NULL,
  PRIMARY KEY (`id_Vote_document`),
  KEY `Ref_Vote_Document` (`id_Vote`),
  CONSTRAINT `Ref_Vote_Document` FOREIGN KEY (`id_Vote`) REFERENCES `vote` (`id_Vote`) ON DELETE CASCADE
) ENGINE=InnoDB DEFAULT CHARSET=utf8;
/*!40101 SET character_set_client = @saved_cs_client */;

--
-- Dumping data for table `vote_document`
--

LOCK TABLES `vote_document` WRITE;
/*!40000 ALTER TABLE `vote_document` DISABLE KEYS */;
set autocommit=0;
/*!40000 ALTER TABLE `vote_document` ENABLE KEYS */;
UNLOCK TABLES;
commit;

--
-- Table structure for table `vote_log`
--

DROP TABLE IF EXISTS `vote_log`;
/*!40101 SET @saved_cs_client     = @@character_set_client */;
/*!40101 SET character_set_client = utf8 */;
CREATE TABLE `vote_log` (
  `id_Vote_log` int(11) NOT NULL AUTO_INCREMENT,
  `id_Vote` bigint(20) NOT NULL,
  `Vote_log_type` char(1) NOT NULL,
  `Vote_log_time` datetime NOT NULL,
  `body` text,
  PRIMARY KEY (`id_Vote_log`),
  KEY `Ref_Vote_Log` (`id_Vote`),
  CONSTRAINT `Ref_Vote_Log` FOREIGN KEY (`id_Vote`) REFERENCES `vote` (`id_Vote`) ON DELETE CASCADE
) ENGINE=InnoDB DEFAULT CHARSET=utf8;
/*!40101 SET character_set_client = @saved_cs_client */;

--
-- Dumping data for table `vote_log`
--

LOCK TABLES `vote_log` WRITE;
/*!40000 ALTER TABLE `vote_log` DISABLE KEYS */;
set autocommit=0;
/*!40000 ALTER TABLE `vote_log` ENABLE KEYS */;
UNLOCK TABLES;
commit;

--
-- Dumping routines for database 'orpaudevel'
--
/*!40103 SET TIME_ZONE=@OLD_TIME_ZONE */;

/*!40101 SET SQL_MODE=@OLD_SQL_MODE */;
/*!40014 SET FOREIGN_KEY_CHECKS=@OLD_FOREIGN_KEY_CHECKS */;
/*!40014 SET UNIQUE_CHECKS=@OLD_UNIQUE_CHECKS */;
/*!40101 SET CHARACTER_SET_CLIENT=@OLD_CHARACTER_SET_CLIENT */;
/*!40101 SET CHARACTER_SET_RESULTS=@OLD_CHARACTER_SET_RESULTS */;
/*!40101 SET COLLATION_CONNECTION=@OLD_COLLATION_CONNECTION */;
/*!40111 SET SQL_NOTES=@OLD_SQL_NOTES */;

-- Dump completed
